Name,Date,Tm,Opp,G,PA,AB,R,H,2B,3B,HR,RBI,BB,IBB,SO,HBP,SH,SF,GDP,SB,CS,BA,OBP,SLG,OPS,mlbID
Gabriel Rincones Jr.,"Jul 10, 2026",PHI,DET,1,4,4,0,0,0,0,0,0,0,0,2,0,0,0,2,0,0,,,,,687282
Brandon Marsh,"Jul 10, 2026",PHI,DET,1,4,4,0,1,0,0,0,0,0,0,3,0,0,0,0,0,0,,,,,669016
Bryce Harper,"Jul 10, 2026",PHI,DET,1,4,3,1,0,0,0,0,0,1,0,0,0,0,0,0,0,0,,,,,547180
Alec Bohm,"Jul 10, 2026",PHI,DET,1,4,3,0,0,0,0,0,0,0,0,0,1,0,0,0,0,0,,,,,664761
Bryson Stott,"Jul 10, 2026",PHI,DET,1,4,3,0,0,0,0,0,0,1,0,1,0,0,0,2,0,0,,,,,681082
Kyle Schwarber,"Jul 10, 2026",PHI,DET,1,4,3,0,0,0,0,0,0,1,0,0,0,0,0,1,0,0,,,,,656941
Rafael Marchán,"Jul 10, 2026",PHI,DET,1,4,4,0,0,0,0,0,0,0,0,0,0,0,0,2,0,0,,,,,665561
Trea Turner,"Jul 10, 2026",PHI,DET,1,4,4,0,0,0,0,0,0,0,0,0,0,0,0,2,0,0,,,,,607208
Derek Hill,"Jul 10, 2026",PHI,DET,1,4,4,1,3,0,0,1,2,0,0,1,0,0,0,0,0,0,,,,,656537
Zach McKinstry,"Jul 10, 2026",DET,PHI,1,4,3,1,0,0,0,0,1,0,0,1,0,1,0,2,0,0,,,,,656716
Riley Greene,"Jul 10, 2026",DET,PHI,1,4,1,2,1,1,0,0,0,3,0,0,0,0,0,0,0,0,,,,,682985
Eduardo Valencia,"Jul 10, 2026",DET,PHI,1,4,4,1,2,0,0,0,1,0,0,2,0,0,0,0,0,0,,,,,680664
Kevin McGonigle,"Jul 10, 2026",DET,PHI,1,5,5,1,1,0,0,1,2,0,0,1,0,0,0,1,0,0,,,,,805808
Kerry Carpenter,"Jul 10, 2026",DET,PHI,1,2,2,0,0,0,0,0,0,0,0,2,0,0,0,0,0,0,,,,,681481
Spencer Torkelson,"Jul 10, 2026",DET,PHI,1,4,4,1,1,0,0,1,2,0,0,1,0,0,0,0,0,0,,,,,679529
Jake Rogers,"Jul 10, 2026",DET,PHI,1,4,3,1,1,0,0,0,0,1,0,0,0,0,0,0,0,0,,,,,668670
James Outman,"Jul 10, 2026",DET,PHI,1,4,4,1,1,0,1,0,2,0,0,1,0,0,0,2,0,0,,,,,681546
Matt Vierling,"Jul 10, 2026",DET,PHI,1,2,1,1,0,0,0,0,0,1,0,0,0,0,0,0,0,0,,,,,663837
Colt Keith,"Jul 10, 2026",DET,PHI,1,5,5,1,1,0,0,1,1,0,0,1,0,0,0,2,0,0,,,,,690993
José Caballero,"Jul 10, 2026",NYY,WSH,1,4,4,0,2,0,0,0,0,0,0,1,0,0,0,0,1,0,,,,,676609
Amed Rosario,"Jul 10, 2026",NYY,WSH,1,2,2,0,0,0,0,0,0,0,0,2,0,0,0,0,0,0,,,,,642708
Ryan McMahon,"Jul 10, 2026",NYY,WSH,1,1,1,0,0,0,0,0,0,0,0,1,0,0,0,0,0,0,,,,,641857
Paul Goldschmidt,"Jul 10, 2026",NYY,WSH,1,5,5,0,2,0,0,0,0,0,0,1,0,0,0,2,0,0,,,,,502671
Jasson Domínguez,"Jul 10, 2026",NYY,WSH,1,4,4,2,2,0,0,1,1,0,0,1,0,0,0,1,0,0,,,,,691176
Austin Wells,"Jul 10, 2026",NYY,WSH,1,4,4,1,1,0,0,1,1,0,0,2,0,0,0,1,0,0,,,,,669224
Ben Rice,"Jul 10, 2026",NYY,WSH,1,5,4,1,1,0,0,1,1,1,0,1,0,0,0,1,0,0,,,,,700250
Anthony Volpe,"Jul 10, 2026",NYY,WSH,1,2,1,0,1,0,0,0,0,1,0,0,0,0,0,0,0,0,,,,,683011
Cody Bellinger,"Jul 10, 2026",NYY,WSH,1,4,4,0,2,0,0,0,0,0,0,0,0,0,0,1,0,1,,,,,641355
Jazz Chisholm Jr.,"Jul 10, 2026",NYY,WSH,1,4,4,1,1,0,0,1,2,0,0,1,0,0,0,1,0,0,,,,,665862
Trent Grisham,"Jul 10, 2026",NYY,WSH,1,5,4,0,1,0,0,0,0,1,0,1,0,0,0,1,0,0,,,,,663757
CJ Abrams,"Jul 10, 2026",WSH,NYY,1,4,4,0,1,1,0,0,0,0,0,1,0,0,0,1,0,0,,,,,682928
Nasim Nuñez,"Jul 10, 2026",WSH,NYY,1,2,2,0,0,0,0,0,0,0,0,0,0,0,0,2,0,0,,,,,683083
Andrés Chaparro,"Jul 10, 2026",WSH,NYY,1,2,2,0,1,0,0,0,0,0,0,0,0,0,0,1,0,0,,,,,665953
Jorbit Vivas,"Jul 10, 2026",WSH,NYY,1,2,2,0,0,0,0,0,0,0,0,1,0,0,0,0,0,0,,,,,678391
Dylan Crews,"Jul 10, 2026",WSH,NYY,1,4,4,0,0,0,0,0,0,0,0,2,0,0,0,1,0,0,,,,,686611
Curtis Mead,"Jul 10, 2026",WSH,NYY,1,4,4,0,1,0,0,0,0,0,0,1,0,0,0,1,0,0,,,,,678554
Daylen Lile,"Jul 10, 2026",WSH,NYY,1,2,1,0,0,0,0,0,0,0,0,1,1,0,0,0,1,0,,,,,695734
James Wood,"Jul 10, 2026",WSH,NYY,1,5,5,2,3,1,0,1,1,0,0,0,0,0,0,2,0,0,,,,,695578
Jacob Young,"Jul 10, 2026",WSH,NYY,1,4,4,0,1,0,0,0,0,0,0,0,0,0,0,2,1,0,,,,,696285
Keibert Ruiz,"Jul 10, 2026",WSH,NYY,1,4,4,1,1,0,0,1,1,0,0,1,0,0,0,2,0,0,,,,,660688
Luis García Jr.,"Jul 10, 2026",WSH,NYY,1,4,4,0,0,0,0,0,0,0,0,1,0,0,0,3,0,0,,,,,671277
Carter Jensen,"Jul 10, 2026",KC,BAL,1,4,4,0,0,0,0,0,0,0,0,1,0,0,0,0,0,0,,,,,695600
Josh Rojas,"Jul 10, 2026",KC,BAL,1,4,4,0,2,1,0,0,1,0,0,1,0,0,0,0,0,0,,,,,668942
Isaac Collins,"Jul 10, 2026",KC,BAL,1,3,3,1,2,0,0,1,1,0,0,0,0,0,0,0,0,0,,,,,686555
Salvador Perez,"Jul 10, 2026",KC,BAL,1,4,4,0,1,0,0,0,0,0,0,0,0,0,0,1,0,0,,,,,521692
Nick Loftin,"Jul 10, 2026",KC,BAL,1,3,3,0,0,0,0,0,0,0,0,0,0,0,0,2,0,0,,,,,679845
Michael Massey,"Jul 10, 2026",KC,BAL,1,4,3,1,1,1,0,0,0,1,0,1,0,0,0,1,0,0,,,,,686681
Lane Thomas,"Jul 10, 2026",KC,BAL,1,4,4,0,0,0,0,0,0,0,0,2,0,0,0,2,0,0,,,,,657041
Jac Caglianone,"Jul 10, 2026",KC,BAL,1,4,4,1,2,0,0,1,1,0,0,0,0,0,0,1,0,0,,,,,695506
Bobby Witt Jr.,"Jul 10, 2026",KC,BAL,1,4,4,0,1,1,0,0,0,0,0,2,0,0,0,0,0,0,,,,,677951
Samuel Basallo,"Jul 10, 2026",BAL,KC,1,4,4,1,1,0,0,1,2,0,0,0,0,0,0,3,0,0,,,,,694212
Gunnar Henderson,"Jul 10, 2026",BAL,KC,1,4,4,0,1,0,0,0,1,0,0,1,0,0,0,1,0,0,,,,,683002
Taylor Ward,"Jul 10, 2026",BAL,KC,1,4,3,0,1,0,0,0,0,1,0,0,0,0,0,1,0,1,,,,,621493
Dylan Beavers,"Jul 10, 2026",BAL,KC,1,3,3,1,1,0,0,0,0,0,0,0,0,0,0,2,0,0,,,,,687637
Adley Rutschman,"Jul 10, 2026",BAL,KC,1,4,3,0,1,0,0,0,0,1,0,0,0,0,0,2,0,0,,,,,668939
Tyler O'Neill,"Jul 10, 2026",BAL,KC,1,1,1,0,0,0,0,0,0,0,0,0,0,0,0,0,0,0,,,,,641933
Blaze Alexander,"Jul 10, 2026",BAL,KC,1,4,4,2,2,0,0,1,1,0,0,1,0,0,0,1,0,0,,,,,677942
Pete Alonso,"Jul 10, 2026",BAL,KC,1,4,3,1,1,0,0,0,0,1,0,2,0,0,0,0,0,0,,,,,624413
Jackson Holliday,"Jul 10, 2026",BAL,KC,1,3,3,0,1,0,0,0,1,0,0,0,0,0,0,2,0,0,,,,,702616
Colton Cowser,"Jul 10, 2026",BAL,KC,1,4,4,0,0,0,0,0,0,0,0,3,0,0,0,0,0,0,,,,,681297
Michael Conforto,"Jul 10, 2026",CHC,CIN,1,3,3,0,0,0,0,0,0,0,0,3,0,0,0,0,0,0,,,,,624424
Ian Happ,"Jul 10, 2026",CHC,CIN,1,4,3,0,1,0,0,0,0,1,0,2,0,0,0,0,0,0,,,,,664023
Alex Bregman,"Jul 10, 2026",CHC,CIN,1,4,4,0,0,0,0,0,0,0,0,3,0,0,0,0,0,0,,,,,608324
Michael Busch,"Jul 10, 2026",CHC,CIN,1,4,4,0,0,0,0,0,0,0,0,2,0,0,0,0,0,0,,,,,683737
Carson Kelly,"Jul 10, 2026",CHC,CIN,1,3,3,0,0,0,0,0,0,0,0,0,0,0,0,2,0,0,,,,,608348
Pete Crow-Armstrong,"Jul 10, 2026",CHC,CIN,1,4,4,0,0,0,0,0,0,0,0,3,0,0,0,0,0,0,,,,,691718
Seiya Suzuki,"Jul 10, 2026",CHC,CIN,1,4,4,0,2,1,0,0,0,0,0,2,0,0,0,0,0,0,,,,,673548
Dansby Swanson,"Jul 10, 2026",CHC,CIN,1,3,3,0,1,0,0,0,0,0,0,0,0,0,0,1,0,0,,,,,621020
Nico Hoerner,"Jul 10, 2026",CHC,CIN,1,3,3,0,0,0,0,0,0,0,0,1,0,0,0,0,0,0,,,,,663538
Elly De La Cruz,"Jul 10, 2026",CIN,CHC,1,5,5,2,2,0,1,1,1,0,0,0,0,0,0,1,0,0,,,,,682829
Sal Stewart,"Jul 10, 2026",CIN,CHC,1,4,3,0,2,0,0,0,1,0,0,0,0,0,1,0,0,0,,,,,701398
Noelvi Marte,"Jul 10, 2026",CIN,CHC,1,3,3,0,0,0,0,0,0,0,0,0,0,0,0,1,0,0,,,,,682622
Ke'Bryan Hayes,"Jul 10, 2026",CIN,CHC,1,4,4,0,0,0,0,0,0,0,0,2,0,0,0,0,0,0,,,,,663647
TJ Friedl,"Jul 10, 2026",CIN,CHC,1,1,1,0,0,0,0,0,0,0,0,1,0,0,0,0,0,0,,,,,670770
Spencer Steer,"Jul 10, 2026",CIN,CHC,1,4,4,1,3,0,0,0,0,0,0,0,0,0,0,0,0,0,,,,,668715
Eugenio Suárez,"Jul 10, 2026",CIN,CHC,1,4,4,0,1,0,0,0,0,0,0,3,0,0,0,0,0,0,,,,,553993
Tyler Stephenson,"Jul 10, 2026",CIN,CHC,1,4,4,0,2,0,0,0,0,0,0,0,0,0,0,1,0,0,,,,,663886
Edwin Arroyo,"Jul 10, 2026",CIN,CHC,1,4,4,0,2,0,0,0,0,0,0,1,0,0,0,0,0,0,,,,,695490
JJ Bleday,"Jul 10, 2026",CIN,CHC,1,4,3,1,1,0,0,1,2,1,0,1,0,0,0,0,0,0,,,,,668709
Josh Naylor,"Jul 10, 2026",SEA,TB,1,4,3,0,1,0,0,0,0,1,0,0,0,0,0,2,1,0,,,,,647304
Victor Robles,"Jul 10, 2026",SEA,TB,1,1,1,0,0,0,0,0,0,0,0,0,0,0,0,1,0,0,,,,,645302
Cole Young,"Jul 10, 2026",SEA,TB,1,3,3,1,1,0,0,1,1,0,0,1,0,0,0,0,0,0,,,,,702284
J.P. Crawford,"Jul 10, 2026",SEA,TB,1,4,4,1,2,1,0,0,0,0,0,0,0,0,0,2,0,0,,,,,641487
Randy Arozarena,"Jul 10, 2026",SEA,TB,1,4,4,0,1,0,0,0,0,0,0,1,0,0,0,1,0,0,,,,,668227
Dominic Canzone,"Jul 10, 2026",SEA,TB,1,4,4,0,0,0,0,0,1,0,0,0,0,0,0,4,0,0,,,,,686527
Cal Raleigh,"Jul 10, 2026",SEA,TB,1,4,4,0,0,0,0,0,0,0,0,2,0,0,0,0,0,0,,,,,663728
Buddy Kennedy,"Jul 10, 2026",SEA,TB,1,3,3,0,0,0,0,0,0,0,0,0,0,0,0,2,0,0,,,,,671083
Miles Mastrobuoni,"Jul 10, 2026",SEA,TB,1,2,2,0,0,0,0,0,0,0,0,0,0,0,0,1,0,0,,,,,670156
Luke Raley,"Jul 10, 2026",SEA,TB,1,3,3,0,0,0,0,0,0,0,0,1,0,0,0,2,0,0,,,,,670042
Taylor Walls,"Jul 10, 2026",TB,SEA,1,4,3,0,0,0,0,0,1,0,0,2,0,0,1,0,0,0,,,,,670764
Richie Palacios,"Jul 10, 2026",TB,SEA,1,4,4,1,1,0,0,1,1,0,0,0,0,0,0,1,0,0,,,,,680700
Chandler Simpson,"Jul 10, 2026",TB,SEA,1,4,4,1,3,0,0,0,1,0,0,0,0,0,0,1,0,0,,,,,802415
Hunter Feduccia,"Jul 10, 2026",TB,SEA,1,4,4,0,1,0,0,0,0,0,0,1,0,0,0,1,0,0,,,,,676439
Jonathan Aranda,"Jul 10, 2026",TB,SEA,1,5,5,1,3,1,0,0,0,0,0,0,0,0,0,1,0,0,,,,,666018
Yandy Díaz,"Jul 10, 2026",TB,SEA,1,5,5,0,0,0,0,0,0,0,0,1,0,0,0,1,0,0,,,,,650490
Victor Mesa Jr.,"Jul 10, 2026",TB,SEA,1,4,4,1,3,0,0,1,1,0,0,0,0,0,0,0,1,0,,,,,683748
Junior Caminero,"Jul 10, 2026",TB,SEA,1,5,4,2,2,1,0,1,2,1,0,1,0,0,0,1,0,0,,,,,691406
Cedric Mullins,"Jul 10, 2026",TB,SEA,1,4,4,1,1,0,0,1,1,0,0,1,0,0,0,2,0,0,,,,,656775
Kahlil Watson,"Jul 10, 2026",CLE,MIA,1,3,3,0,0,0,0,0,0,0,0,1,0,0,0,2,0,0,,,,,696135
Chase DeLauter,"Jul 10, 2026",CLE,MIA,1,4,4,1,2,0,0,1,2,0,0,1,0,0,0,0,0,0,,,,,800050
Austin Hedges,"Jul 10, 2026",CLE,MIA,1,3,3,1,1,0,0,0,0,0,0,1,0,0,0,1,0,0,,,,,595978
Travis Bazzana,"Jul 10, 2026",CLE,MIA,1,4,3,0,0,0,0,0,1,0,0,2,0,0,1,0,0,0,,,,,683953
Daniel Schneemann,"Jul 10, 2026",CLE,MIA,1,3,3,0,0,0,0,0,0,0,0,2,0,0,0,0,0,0,,,,,682177
Brayan Rocchio,"Jul 10, 2026",CLE,MIA,1,4,4,1,1,0,0,0,0,0,0,0,0,0,0,1,0,0,,,,,677587
Steven Kwan,"Jul 10, 2026",CLE,MIA,1,3,3,0,1,0,0,0,0,0,0,0,0,0,0,0,0,0,,,,,680757
Kyle Manzardo,"Jul 10, 2026",CLE,MIA,1,4,4,0,0,0,0,0,0,0,0,0,0,0,0,3,0,0,,,,,700932
Rhys Hoskins,"Jul 10, 2026",CLE,MIA,1,4,4,0,0,0,0,0,0,0,0,2,0,0,0,1,0,0,,,,,656555
Griffin Conine,"Jul 10, 2026",MIA,CLE,1,1,1,0,0,0,0,0,0,0,0,0,0,0,0,0,0,0,,,,,665052
Heriberto Hernández,"Jul 10, 2026",MIA,CLE,1,4,3,1,1,0,0,1,1,1,0,0,0,0,0,1,0,0,,,,,681715
Esteury Ruiz,"Jul 10, 2026",MIA,CLE,1,3,0,0,0,0,0,0,0,3,0,0,0,0,0,0,1,0,,,,,665923
Jakob Marsee,"Jul 10, 2026",MIA,CLE,1,4,3,0,1,0,0,0,0,1,0,0,0,0,0,1,1,0,,,,,805300
Javier Sanoja,"Jul 10, 2026",MIA,CLE,1,4,4,0,0,0,0,0,0,0,0,0,0,0,0,1,0,0,,,,,691594
Xavier Edwards,"Jul 10, 2026",MIA,CLE,1,4,4,0,1,0,0,0,0,0,0,0,0,0,0,3,0,0,,,,,669364
Kyle Stowers,"Jul 10, 2026",MIA,CLE,1,4,4,0,0,0,0,0,0,0,0,1,0,0,0,0,0,0,,,,,669065
Liam Hicks,"Jul 10, 2026",MIA,CLE,1,1,1,0,0,0,0,0,0,0,0,0,0,0,0,0,0,0,,,,,689414
Leo Jiménez,"Jul 10, 2026",MIA,CLE,1,3,3,1,1,0,0,1,1,0,0,0,0,0,0,2,0,0,,,,,677870
Joe Mack,"Jul 10, 2026",MIA,CLE,1,3,2,0,0,0,0,0,0,0,0,1,0,1,0,2,0,0,,,,,691788
Otto Lopez,"Jul 10, 2026",MIA,CLE,1,4,4,0,0,0,0,0,0,0,0,1,0,0,0,1,0,0,,,,,672640
Romy Gonzalez,"Jul 10, 2026",BOS,NYM,1,5,5,0,0,0,0,0,0,0,0,4,0,0,0,1,0,0,,,,,663853
Anthony Seigler,"Jul 10, 2026",BOS,NYM,1,5,5,2,2,0,0,1,2,0,0,1,0,0,0,1,0,0,,,,,678011
Connor Wong,"Jul 10, 2026",BOS,NYM,1,5,3,0,0,0,0,0,0,1,0,1,1,0,0,0,1,0,,,,,657136
Wilyer Abreu,"Jul 10, 2026",BOS,NYM,1,5,4,2,3,1,0,1,2,1,0,1,0,0,0,0,0,0,,,,,677800
Caleb Durbin,"Jul 10, 2026",BOS,NYM,1,5,5,0,1,0,0,0,0,0,0,0,0,0,0,3,0,0,,,,,702332
Jarren Duran,"Jul 10, 2026",BOS,NYM,1,5,4,0,0,0,0,0,0,1,0,1,0,0,0,0,0,0,,,,,680776
Tsung-Che Cheng,"Jul 10, 2026",BOS,NYM,1,4,4,1,2,0,0,0,0,0,0,2,0,0,0,0,0,0,,,,,691907
Ceddanne Rafaela,"Jul 10, 2026",BOS,NYM,1,5,3,1,1,0,0,0,0,1,0,0,0,1,0,3,0,0,,,,,678882
Masataka Yoshida,"Jul 10, 2026",BOS,NYM,1,5,4,0,2,2,0,0,2,1,0,0,0,0,0,1,0,0,,,,,807799
Tyrone Taylor,"Jul 10, 2026",NYM,BOS,1,2,2,0,0,0,0,0,0,0,0,0,0,0,0,1,0,0,,,,,621438
Francisco Alvarez,"Jul 10, 2026",NYM,BOS,1,4,4,0,0,0,0,0,0,0,0,0,0,0,0,3,0,0,,,,,682626
Brett Baty,"Jul 10, 2026",NYM,BOS,1,4,4,2,3,0,0,1,1,0,0,0,0,0,0,0,1,0,,,,,683146
Carson Benge,"Jul 10, 2026",NYM,BOS,1,4,4,0,1,0,0,0,0,0,0,0,0,0,0,2,1,0,,,,,701807
Zack Short,"Jul 10, 2026",NYM,BOS,1,2,1,0,0,0,0,0,0,1,0,1,0,0,0,0,0,0,,,,,670097
Francisco Lindor,"Jul 10, 2026",NYM,BOS,1,4,4,0,1,0,0,0,0,0,0,0,0,0,0,0,0,0,,,,,596019
Juan Soto,"Jul 10, 2026",NYM,BOS,1,4,3,0,1,0,0,0,1,0,0,1,0,0,1,1,0,0,,,,,665742
Jorge Polanco,"Jul 10, 2026",NYM,BOS,1,4,4,0,0,0,0,0,0,0,0,0,0,0,0,1,0,0,,,,,593871
Jared Young,"Jul 10, 2026",NYM,BOS,1,4,4,0,2,1,0,0,0,0,0,1,0,0,0,1,0,0,,,,,676724
A.J. Ewing,"Jul 10, 2026",NYM,BOS,1,4,4,0,2,0,0,0,0,0,0,0,0,0,0,1,0,0,,,,,805999
Lawrence Butler,"Jul 10, 2026",ATH,CWS,1,4,4,0,1,0,0,0,0,0,0,1,0,0,0,1,0,0,,,,,671732
Jonah Heim,"Jul 10, 2026",ATH,CWS,1,4,4,0,0,0,0,0,0,0,0,2,0,0,0,1,0,0,,,,,641680
Jeff McNeil,"Jul 10, 2026",ATH,CWS,1,3,3,0,0,0,0,0,0,0,0,0,0,0,0,2,0,0,,,,,643446
Joshua Kuroda-Grauer,"Jul 10, 2026",ATH,CWS,1,3,3,0,1,0,0,0,0,0,0,1,0,0,0,1,0,0,,,,,811965
Carlos Cortes,"Jul 10, 2026",ATH,CWS,1,1,0,0,0,0,0,0,0,1,0,0,0,0,0,0,0,0,,,,,666126
Joey Meneses,"Jul 10, 2026",ATH,CWS,1,3,3,0,0,0,0,0,0,0,0,1,0,0,0,1,0,0,,,,,608841
Tyler Soderstrom,"Jul 10, 2026",ATH,CWS,1,3,3,1,1,0,0,1,1,0,0,2,0,0,0,0,0,0,,,,,691016
Henry Bolte,"Jul 10, 2026",ATH,CWS,1,3,2,0,0,0,0,0,0,0,0,1,1,0,0,1,0,0,,,,,703607
Colby Thomas,"Jul 10, 2026",ATH,CWS,1,1,1,0,0,0,0,0,0,0,0,0,0,0,0,1,0,0,,,,,687515
Shea Langeliers,"Jul 10, 2026",ATH,CWS,1,3,3,0,0,0,0,0,0,0,0,3,0,0,0,0,0,0,,,,,669127
Jacob Wilson,"Jul 10, 2026",ATH,CWS,1,3,3,0,2,0,0,0,0,0,0,0,0,0,0,1,0,0,,,,,805779
Tristan Peters,"Jul 10, 2026",CWS,ATH,1,4,4,2,4,1,1,1,4,0,0,0,0,0,0,0,0,0,,,,,671976
Munetaka Murakami,"Jul 10, 2026",CWS,ATH,1,5,5,1,1,1,0,0,1,0,0,4,0,0,0,0,0,0,,,,,808959
Chase Meidroth,"Jul 10, 2026",CWS,ATH,1,5,4,2,2,1,0,0,1,1,0,2,0,0,0,0,0,0,,,,,805367
Kyle Teel,"Jul 10, 2026",CWS,ATH,1,4,2,2,0,0,0,0,0,2,0,1,0,0,0,0,0,0,,,,,691019
Colson Montgomery,"Jul 10, 2026",CWS,ATH,1,5,5,1,1,0,0,0,0,0,0,1,0,0,0,0,0,0,,,,,695657
Braden Montgomery,"Jul 10, 2026",CWS,ATH,1,5,5,1,1,0,0,0,0,0,0,1,0,0,0,2,0,0,,,,,695731
Andrew Benintendi,"Jul 10, 2026",CWS,ATH,1,5,5,2,2,2,0,0,4,0,0,0,0,0,0,1,0,0,,,,,643217
Sam Antonacci,"Jul 10, 2026",CWS,ATH,1,5,4,1,1,0,0,0,1,1,0,0,0,0,0,2,1,0,,,,,803011
Miguel Vargas,"Jul 10, 2026",CWS,ATH,1,5,4,2,3,2,0,1,3,0,0,0,0,0,1,0,0,0,,,,,678246
Isaac Paredes,"Jul 10, 2026",HOU,TEX,1,4,3,0,0,0,0,0,0,1,0,0,0,0,0,1,0,0,,,,,670623
Cam Smith,"Jul 10, 2026",HOU,TEX,1,4,4,0,0,0,0,0,0,0,0,0,0,0,0,1,0,0,,,,,701358
Brice Matthews,"Jul 10, 2026",HOU,TEX,1,3,3,0,0,0,0,0,0,0,0,0,0,0,0,2,0,0,,,,,694728
Jose Altuve,"Jul 10, 2026",HOU,TEX,1,4,4,0,2,0,0,0,0,0,0,1,0,0,0,0,0,0,,,,,514888
Jeremy Peña,"Jul 10, 2026",HOU,TEX,1,4,4,0,1,0,0,0,0,0,0,0,0,0,0,3,0,0,,,,,665161
Zach Dezenzo,"Jul 10, 2026",HOU,TEX,1,1,1,0,0,0,0,0,0,0,0,1,0,0,0,0,0,0,,,,,701305
LaMonte Wade Jr.,"Jul 10, 2026",HOU,TEX,1,3,3,1,2,0,0,0,0,0,0,0,0,0,0,0,0,0,,,,,664774
Christian Walker,"Jul 10, 2026",HOU,TEX,1,4,4,0,0,0,0,0,0,0,0,0,0,0,0,1,0,0,,,,,572233
Yainer Diaz,"Jul 10, 2026",HOU,TEX,1,3,3,1,1,0,0,1,2,0,0,0,0,0,0,2,0,0,,,,,673237
Yordan Alvarez,"Jul 10, 2026",HOU,TEX,1,4,4,1,2,0,0,1,1,0,0,0,0,0,0,0,0,0,,,,,670541
Evan Carter,"Jul 10, 2026",TEX,HOU,1,4,3,0,0,0,0,0,0,1,0,0,0,0,0,3,0,1,,,,,694497
Wyatt Langford,"Jul 10, 2026",TEX,HOU,1,4,3,2,1,0,0,1,1,1,0,1,0,0,0,1,0,0,,,,,694671
Jake Burger,"Jul 10, 2026",TEX,HOU,1,4,4,1,1,0,0,1,4,0,0,0,0,0,0,2,0,0,,,,,669394
Joc Pederson,"Jul 10, 2026",TEX,HOU,1,3,2,1,1,0,0,1,1,1,0,0,0,0,0,0,0,0,,,,,592626
Nicky Lopez,"Jul 10, 2026",TEX,HOU,1,2,1,0,1,1,0,0,0,1,0,0,0,0,0,0,0,0,,,,,670032
Josh Jung,"Jul 10, 2026",TEX,HOU,1,4,3,2,1,0,0,0,0,1,0,1,0,0,0,1,0,0,,,,,673962
Justin Foscue,"Jul 10, 2026",TEX,HOU,1,2,2,0,0,0,0,0,0,0,0,2,0,0,0,0,0,0,,,,,679822
Kyle Higashioka,"Jul 10, 2026",TEX,HOU,1,4,4,0,0,0,0,0,0,0,0,2,0,0,0,0,0,0,,,,,543309
Ezequiel Duran,"Jul 10, 2026",TEX,HOU,1,4,3,0,1,0,0,0,0,1,0,0,0,0,0,2,1,0,,,,,677649
Brandon Nimmo,"Jul 10, 2026",TEX,HOU,1,4,4,1,2,1,0,0,1,0,0,1,0,0,0,1,0,0,,,,,607043
Elias Díaz,"Jul 10, 2026",TEX,HOU,1,1,1,0,0,0,0,0,0,0,0,0,0,0,0,0,0,0,,,,,553869
Oswald Peraza,"Jul 10, 2026",LAA,MIN,1,4,4,0,1,0,0,0,0,0,0,2,0,0,0,1,0,0,,,,,672724
Zach Neto,"Jul 10, 2026",LAA,MIN,1,4,3,0,1,0,0,0,0,1,0,1,0,0,0,0,0,0,,,,,687263
Jorge Soler,"Jul 10, 2026",LAA,MIN,1,4,4,1,1,1,0,0,0,0,0,0,0,0,0,1,0,0,,,,,624585
Jo Adell,"Jul 10, 2026",LAA,MIN,1,4,4,0,0,0,0,0,0,0,0,1,0,0,0,2,0,0,,,,,666176
Vaughn Grissom,"Jul 10, 2026",LAA,MIN,1,4,3,1,2,0,0,1,2,0,0,1,0,0,1,0,0,0,,,,,687093
Nolan Schanuel,"Jul 10, 2026",LAA,MIN,1,4,4,0,1,0,0,0,1,0,0,1,0,0,0,1,0,0,,,,,694384
Wade Meckler,"Jul 10, 2026",LAA,MIN,1,4,4,1,2,0,0,0,0,0,0,0,0,0,0,1,0,0,,,,,685133
Josh Lowe,"Jul 10, 2026",LAA,MIN,1,4,3,0,0,0,0,0,0,1,0,0,0,0,0,1,0,0,,,,,666139
Tyler Heineman,"Jul 10, 2026",LAA,MIN,1,4,4,1,2,0,0,0,0,0,0,0,0,0,0,1,0,0,,,,,623168
Victor Caratini,"Jul 10, 2026",MIN,LAA,1,1,1,0,0,0,0,0,0,0,0,0,0,0,0,1,0,0,,,,,605170
Kody Clemens,"Jul 10, 2026",MIN,LAA,1,5,4,0,0,0,0,0,1,0,0,0,0,0,1,1,0,0,,,,,665019
Brooks Lee,"Jul 10, 2026",MIN,LAA,1,4,3,0,2,2,0,0,1,1,0,0,0,0,0,0,0,0,,,,,686797
Austin Martin,"Jul 10, 2026",MIN,LAA,1,2,2,0,0,0,0,0,1,0,0,1,0,0,0,1,0,0,,,,,668885
Tristan Gray,"Jul 10, 2026",MIN,LAA,1,2,2,0,1,0,0,0,0,0,0,0,0,0,0,1,0,0,,,,,656484
Josh Bell,"Jul 10, 2026",MIN,LAA,1,4,4,1,2,2,0,0,0,0,0,0,0,0,0,0,0,0,,,,,605137
Alan Roden,"Jul 10, 2026",MIN,LAA,1,2,2,0,0,0,0,0,0,0,0,0,0,0,0,1,0,0,,,,,702176
Ryan Jeffers,"Jul 10, 2026",MIN,LAA,1,5,4,0,1,1,0,0,0,1,0,0,0,0,0,1,0,0,,,,,680777
Ryan Kreidler,"Jul 10, 2026",MIN,LAA,1,1,1,0,0,0,0,0,0,0,0,1,0,0,0,0,0,0,,,,,668952
Royce Lewis,"Jul 10, 2026",MIN,LAA,1,4,4,1,1,0,0,0,0,0,0,1,0,0,0,0,0,0,,,,,668904
Trevor Larnach,"Jul 10, 2026",MIN,LAA,1,5,4,1,2,2,0,0,0,1,0,0,0,0,0,1,0,0,,,,,663616
Luke Keaschall,"Jul 10, 2026",MIN,LAA,1,4,3,0,0,0,0,0,0,0,0,1,1,0,0,1,0,0,,,,,807712
Michael Harris II,"Jul 10, 2026",ATL,STL,1,4,4,0,0,0,0,0,0,0,0,1,0,0,0,1,0,0,,,,,671739
Joey Bart,"Jul 10, 2026",ATL,STL,1,1,1,0,0,0,0,0,0,0,0,1,0,0,0,0,0,0,,,,,663698
Mauricio Dubón,"Jul 10, 2026",ATL,STL,1,4,4,0,0,0,0,0,0,0,0,1,0,0,0,3,0,0,,,,,643289
Drake Baldwin,"Jul 10, 2026",ATL,STL,1,4,4,0,0,0,0,0,0,0,0,0,0,0,0,2,0,0,,,,,686948
Jim Jarvis,"Jul 10, 2026",ATL,STL,1,2,2,0,1,0,0,0,0,0,0,0,0,0,0,0,0,0,,,,,805347
Matt Olson,"Jul 10, 2026",ATL,STL,1,4,3,0,0,0,0,0,0,0,0,1,1,0,0,1,0,0,,,,,621566
Dominic Smith,"Jul 10, 2026",ATL,STL,1,3,3,0,0,0,0,0,0,0,0,0,0,0,0,1,0,0,,,,,642086
Ozzie Albies,"Jul 10, 2026",ATL,STL,1,4,4,0,0,0,0,0,0,0,0,2,0,0,0,1,0,0,,,,,645277
Austin Riley,"Jul 10, 2026",ATL,STL,1,3,2,0,1,0,0,0,1,1,0,0,0,0,0,0,1,0,,,,,663586
Mike Yastrzemski,"Jul 10, 2026",ATL,STL,1,3,3,1,1,1,0,0,0,0,0,1,0,0,0,0,0,0,,,,,573262
Jordan Walker,"Jul 10, 2026",STL,ATL,1,4,4,0,1,0,0,0,1,0,0,1,0,0,0,2,0,0,,,,,691023
Bryan Torres,"Jul 10, 2026",STL,ATL,1,1,1,0,0,0,0,0,0,0,0,1,0,0,0,0,0,0,,,,,663494
Lars Nootbaar,"Jul 10, 2026",STL,ATL,1,1,1,0,0,0,0,0,0,0,0,0,0,0,0,1,0,0,,,,,663457
José Fermín,"Jul 10, 2026",STL,ATL,1,3,3,0,0,0,0,0,0,0,0,2,0,0,0,1,0,0,,,,,665877
JJ Wetherholt,"Jul 10, 2026",STL,ATL,1,4,2,1,0,0,0,0,0,2,0,0,0,0,0,0,0,0,,,,,802139
Blaze Jordan,"Jul 10, 2026",STL,ATL,1,3,3,0,1,1,0,0,0,0,0,2,0,0,0,0,0,0,,,,,691458
Alec Burleson,"Jul 10, 2026",STL,ATL,1,3,3,0,0,0,0,0,0,0,0,1,0,0,0,0,0,0,,,,,676475
Pedro Pagés,"Jul 10, 2026",STL,ATL,1,1,1,0,0,0,0,0,0,0,0,1,0,0,0,0,0,0,,,,,686780
Masyn Winn,"Jul 10, 2026",STL,ATL,1,3,2,0,0,0,0,0,0,1,0,1,0,0,0,1,0,0,,,,,691026
Iván Herrera,"Jul 10, 2026",STL,ATL,1,4,4,0,2,0,0,0,0,0,0,0,0,0,0,0,0,0,,,,,671056
Nelson Velázquez,"Jul 10, 2026",STL,ATL,1,2,2,0,0,0,0,0,0,0,0,2,0,0,0,0,0,0,,,,,676369
Jimmy Crooks,"Jul 10, 2026",STL,ATL,1,1,1,1,1,0,0,1,1,0,0,0,0,0,0,0,0,0,,,,,699625
Luis Urías,"Jul 10, 2026",TOR,SD,1,4,4,0,0,0,0,0,0,0,0,0,0,0,0,1,0,0,,,,,649966
Jonatan Clase,"Jul 10, 2026",TOR,SD,1,3,3,0,1,0,0,0,0,0,0,0,0,0,0,0,0,0,,,,,682729
Ernie Clement,"Jul 10, 2026",TOR,SD,1,5,5,1,2,0,0,0,0,0,0,0,0,0,0,0,0,0,,,,,676391
Daulton Varsho,"Jul 10, 2026",TOR,SD,1,4,4,0,0,0,0,0,0,0,0,0,0,0,0,3,0,0,,,,,662139
Nathan Lukes,"Jul 10, 2026",TOR,SD,1,1,1,0,0,0,0,0,0,0,0,0,0,0,0,0,0,0,,,,,664770
George Springer,"Jul 10, 2026",TOR,SD,1,4,4,0,1,0,0,0,0,0,0,1,0,0,0,1,0,0,,,,,543807
Vladimir Guerrero Jr.,"Jul 10, 2026",TOR,SD,1,4,3,2,1,0,0,0,1,1,0,1,0,0,0,1,0,0,,,,,665489
Myles Straw,"Jul 10, 2026",TOR,SD,1,4,4,1,2,0,0,0,0,0,0,0,0,0,0,0,0,0,,,,,664702
Alejandro Kirk,"Jul 10, 2026",TOR,SD,1,4,4,0,1,1,0,0,1,0,0,1,0,0,0,0,0,0,,,,,672386
Kazuma Okamoto,"Jul 10, 2026",TOR,SD,1,4,3,1,1,0,0,1,3,1,0,2,0,0,0,0,0,0,,,,,672960
Luis Rengifo,"Jul 10, 2026",SD,TOR,1,2,2,0,0,0,0,0,0,0,0,1,0,0,0,0,0,0,,,,,650859
Luis Campusano,"Jul 10, 2026",SD,TOR,1,2,2,1,1,0,0,0,0,0,0,0,0,0,0,0,0,0,,,,,669134
Jackson Merrill,"Jul 10, 2026",SD,TOR,1,5,4,1,1,0,0,0,1,1,0,0,0,0,0,1,0,0,,,,,701538
Rodolfo Durán,"Jul 10, 2026",SD,TOR,1,2,2,0,2,0,0,0,0,0,0,0,0,0,0,0,0,0,,,,,660710
Gavin Sheets,"Jul 10, 2026",SD,TOR,1,4,3,0,0,0,0,0,0,1,0,1,0,0,0,2,0,0,,,,,657757
Manny Machado,"Jul 10, 2026",SD,TOR,1,4,4,0,2,0,0,0,0,0,0,1,0,0,0,1,0,0,,,,,592518
Miguel Andujar,"Jul 10, 2026",SD,TOR,1,3,2,0,0,0,0,0,0,1,0,0,0,0,0,1,0,0,,,,,609280
Fernando Tatis Jr.,"Jul 10, 2026",SD,TOR,1,5,5,0,1,0,0,0,0,0,0,1,0,0,0,2,0,0,,,,,665487
Ty France,"Jul 10, 2026",SD,TOR,1,4,4,0,2,1,0,0,0,0,0,0,0,0,0,1,0,0,,,,,664034
Xander Bogaerts,"Jul 10, 2026",SD,TOR,1,5,5,1,1,0,0,1,2,0,0,1,0,0,0,3,0,0,,,,,593428
Jase Bowen,"Jul 10, 2026",SD,TOR,1,2,2,0,0,0,0,0,0,0,0,2,0,0,0,0,0,0,,,,,687749
Jake Cronenworth,"Jul 10, 2026",SD,TOR,1,1,1,0,0,0,0,0,0,0,0,1,0,0,0,0,0,0,,,,,630105
Tim Tawa,"Jul 10, 2026",AZ,LAD,1,4,4,1,3,0,0,1,4,0,0,0,0,0,0,0,1,0,,,,,694374
Nolan Arenado,"Jul 10, 2026",AZ,LAD,1,5,2,2,0,0,0,0,0,3,0,2,0,0,0,0,0,0,,,,,571448
Ryan Waldschmidt,"Jul 10, 2026",AZ,LAD,1,2,2,0,0,0,0,0,0,0,0,2,0,0,0,0,0,0,,,,,814439
Ketel Marte,"Jul 10, 2026",AZ,LAD,1,5,5,1,1,0,0,0,0,0,0,2,0,0,0,1,0,0,,,,,606466
Ildemaro Vargas,"Jul 10, 2026",AZ,LAD,1,5,5,0,1,0,0,0,0,0,0,3,0,0,0,1,0,0,,,,,545121
Geraldo Perdomo,"Jul 10, 2026",AZ,LAD,1,5,4,1,1,0,0,0,1,1,0,0,0,0,0,2,0,0,,,,,672695
Gabriel Moreno,"Jul 10, 2026",AZ,LAD,1,5,5,0,2,1,0,0,2,0,0,1,0,0,0,2,0,0,,,,,672515
Corbin Carroll,"Jul 10, 2026",AZ,LAD,1,5,4,2,0,0,0,0,0,1,0,1,0,0,0,3,1,0,,,,,682998
Lourdes Gurriel Jr.,"Jul 10, 2026",AZ,LAD,1,5,5,0,0,0,0,0,0,0,0,1,0,0,0,3,0,0,,,,,666971
Jorge Barrosa,"Jul 10, 2026",AZ,LAD,1,2,1,2,1,0,0,0,0,0,0,0,0,1,0,1,0,0,,,,,678489
Dalton Rushing,"Jul 10, 2026",LAD,AZ,1,4,4,0,0,0,0,0,0,0,0,1,0,0,0,2,0,0,,,,,687221
Kyle Tucker,"Jul 10, 2026",LAD,AZ,1,3,3,0,1,1,0,0,0,0,0,2,0,0,0,0,0,0,,,,,663656
Freddie Freeman,"Jul 10, 2026",LAD,AZ,1,3,3,0,0,0,0,0,0,0,0,1,0,0,0,2,0,0,,,,,518692
Eliezer Alfonzo,"Jul 10, 2026",LAD,AZ,1,1,1,0,0,0,0,0,0,0,0,0,0,0,0,0,0,0,,,,,672613
Tommy Edman,"Jul 10, 2026",LAD,AZ,1,4,3,1,1,0,0,0,0,1,0,1,0,0,0,0,0,0,,,,,669242
Shohei Ohtani,"Jul 10, 2026",LAD,AZ,1,4,4,1,1,0,0,1,1,0,0,2,0,0,0,0,0,0,,,,,660271
Teoscar Hernández,"Jul 10, 2026",LAD,AZ,1,4,4,0,0,0,0,0,0,0,0,0,0,0,0,0,0,0,,,,,606192
Andy Pages,"Jul 10, 2026",LAD,AZ,1,4,4,1,3,0,0,1,1,0,0,1,0,0,0,0,0,0,,,,,681624
Alex Call,"Jul 10, 2026",LAD,AZ,1,1,1,0,0,0,0,0,0,0,0,0,0,0,0,1,0,0,,,,,669743
Mookie Betts,"Jul 10, 2026",LAD,AZ,1,3,3,0,1,0,0,0,0,0,0,0,0,0,0,0,0,0,,,,,605141
Miguel Rojas,"Jul 10, 2026",LAD,AZ,1,4,4,0,2,1,0,0,1,0,0,0,0,0,0,1,0,0,,,,,500743
Alex Freeland,"Jul 10, 2026",LAD,AZ,1,1,1,0,0,0,0,0,0,0,0,1,0,0,0,0,0,0,,,,,690976
Mickey Moniak,"Jul 10, 2026",COL,SF,1,4,4,1,1,0,0,0,0,0,0,0,0,0,0,1,0,0,,,,,666160
Jake McCarthy,"Jul 10, 2026",COL,SF,1,5,4,1,2,1,0,0,1,1,0,1,0,0,0,1,0,0,,,,,664983
Troy Johnston,"Jul 10, 2026",COL,SF,1,1,0,1,0,0,0,0,0,1,0,0,0,0,0,0,0,0,,,,,687859
Willi Castro,"Jul 10, 2026",COL,SF,1,4,4,0,0,0,0,0,0,0,0,3,0,0,0,0,0,0,,,,,650489
Cole Carrigg,"Jul 10, 2026",COL,SF,1,5,3,0,0,0,0,0,1,1,0,3,0,0,1,0,0,0,,,,,694249
Tyler Freeman,"Jul 10, 2026",COL,SF,1,5,5,0,0,0,0,0,0,0,0,1,0,0,0,1,0,0,,,,,671289
Edouard Julien,"Jul 10, 2026",COL,SF,1,1,1,0,0,0,0,0,0,0,0,0,0,0,0,1,1,0,,,,,666397
Hunter Goodman,"Jul 10, 2026",COL,SF,1,5,3,0,1,0,0,0,0,2,0,1,0,0,0,0,0,1,,,,,696100
Ezequiel Tovar,"Jul 10, 2026",COL,SF,1,3,3,1,1,1,0,0,0,0,0,0,0,0,0,1,0,0,,,,,678662
TJ Rumfield,"Jul 10, 2026",COL,SF,1,4,2,0,2,0,0,0,0,2,0,0,0,0,0,0,0,0,,,,,681198
Kyle Karros,"Jul 10, 2026",COL,SF,1,5,5,0,3,0,0,0,2,0,0,0,0,0,0,2,0,0,,,,,691720
Casey Schmitt,"Jul 10, 2026",SF,COL,1,5,4,0,2,0,0,0,0,1,0,1,0,0,0,0,0,0,,,,,669477
Heliot Ramos,"Jul 10, 2026",SF,COL,1,4,4,0,0,0,0,0,0,0,0,1,0,0,0,0,0,0,,,,,671218
Drew Cavanaugh,"Jul 10, 2026",SF,COL,1,4,3,0,1,0,0,0,0,1,0,0,0,0,0,2,0,0,,,,,701852
Jung Hoo Lee,"Jul 10, 2026",SF,COL,1,4,4,0,1,0,0,0,0,0,0,0,0,0,0,2,0,0,,,,,808982
Drew Gilbert,"Jul 10, 2026",SF,COL,1,4,4,0,1,1,0,0,0,0,0,0,0,0,0,2,0,0,,,,,687551
Rafael Devers,"Jul 10, 2026",SF,COL,1,5,3,1,3,0,0,1,3,1,1,0,0,0,1,0,0,0,,,,,646240
Grant McCray,"Jul 10, 2026",SF,COL,1,1,1,1,0,0,0,0,0,0,0,0,0,0,0,1,1,0,,,,,687529
Willy Adames,"Jul 10, 2026",SF,COL,1,5,4,0,0,0,0,0,0,1,0,0,0,0,0,2,0,0,,,,,642715
Luis Arraez,"Jul 10, 2026",SF,COL,1,5,4,1,3,0,0,0,0,1,0,0,0,0,0,1,1,0,,,,,650333
Bryce Eldridge,"Jul 10, 2026",SF,COL,1,5,4,0,0,0,0,0,0,1,0,1,0,0,0,2,0,0,,,,,805811
Cooper Pratt,"Jul 10, 2026",MIL,PIT,1,4,4,1,2,1,0,0,1,0,0,1,0,0,0,0,0,0,,,,,806198
Joey Ortiz,"Jul 10, 2026",MIL,PIT,1,4,4,0,0,0,0,0,0,0,0,0,0,0,0,1,0,0,,,,,687401
Jackson Chourio,"Jul 10, 2026",MIL,PIT,1,1,1,0,0,0,0,0,0,0,0,0,0,0,0,0,0,0,,,,,694192
Christian Yelich,"Jul 10, 2026",MIL,PIT,1,5,5,0,1,0,0,0,0,0,0,2,0,0,0,1,0,0,,,,,592885
Jake Bauers,"Jul 10, 2026",MIL,PIT,1,4,3,1,1,0,0,1,2,1,0,1,0,0,0,0,0,0,,,,,641343
Sal Frelick,"Jul 10, 2026",MIL,PIT,1,4,4,1,1,0,0,1,2,0,0,1,0,0,0,2,0,0,,,,,686217
Andrew Vaughn,"Jul 10, 2026",MIL,PIT,1,1,1,0,0,0,0,0,0,0,0,0,0,0,0,1,0,0,,,,,683734
Garrett Mitchell,"Jul 10, 2026",MIL,PIT,1,4,3,1,1,1,0,0,0,1,0,2,0,0,0,0,0,0,,,,,669003
William Contreras,"Jul 10, 2026",MIL,PIT,1,5,5,1,2,1,0,0,1,0,0,1,0,0,0,1,0,0,,,,,661388
Brice Turang,"Jul 10, 2026",MIL,PIT,1,5,3,0,0,0,0,0,0,2,0,0,0,0,0,0,0,0,,,,,668930
Luis Lara,"Jul 10, 2026",MIL,PIT,1,4,3,1,1,1,0,0,0,1,0,0,0,0,0,0,0,0,,,,,800325
Brandon Lowe,"Jul 10, 2026",PIT,MIL,1,4,4,1,1,0,0,0,0,0,0,1,0,0,0,1,0,0,,,,,664040
Bryan Reynolds,"Jul 10, 2026",PIT,MIL,1,4,3,1,0,0,0,0,0,0,0,2,1,0,0,1,0,0,,,,,668804
Esmerlyn Valdez,"Jul 10, 2026",PIT,MIL,1,4,4,2,3,0,0,2,6,0,0,1,0,0,0,0,0,0,,,,,699013
Jared Triolo,"Jul 10, 2026",PIT,MIL,1,4,4,0,0,0,0,0,0,0,0,1,0,0,0,2,0,0,,,,,669707
Jake Mangum,"Jul 10, 2026",PIT,MIL,1,4,3,2,1,0,0,0,0,0,0,0,1,0,0,2,0,1,,,,,663968
Henry Davis,"Jul 10, 2026",PIT,MIL,1,4,2,1,1,0,0,0,0,2,0,0,0,0,0,1,0,0,,,,,680779
Tyler Callihan,"Jul 10, 2026",PIT,MIL,1,4,4,0,0,0,0,0,0,0,0,0,0,0,0,1,0,0,,,,,682997
Ryan O'Hearn,"Jul 10, 2026",PIT,MIL,1,4,3,0,0,0,0,0,0,0,0,3,1,0,0,0,0,0,,,,,656811
Nick Gonzales,"Jul 10, 2026",PIT,MIL,1,4,3,0,1,0,0,0,0,1,0,1,0,0,0,1,0,0,,,,,693304
