RESULT_DATE,PLAYER_NAME,PLAYER_TYPE,OPPONENT,PA,AB,H,R,RBI,HR,BB,HBP,SO,SB,DOUBLES,TRIPLES,SINGLES,TOTAL_BASES,H_PLUS_R_PLUS_RBI,HITTER_FANTASY_PP,SOURCE_FILE,IP,OUTS,K,ER,HITS_ALLOWED,HR_ALLOWED,PITCHES,WIN,QUALITY_START,PITCHER_FANTASY_PP
2026-07-10,A.J. EWING,HITTER,BOS,4.0,4.0,2.0,0.0,0.0,0.0,0,0.0,0.0,0.0,0.0,0.0,2.0,2.0,2.0,6.0,MLB_BATTING_RESULTS.csv,,,,,,,,,,
2026-07-10,ADLEY RUTSCHMAN,HITTER,KC,4.0,3.0,1.0,0.0,0.0,0.0,1,0.0,0.0,0.0,0.0,0.0,1.0,1.0,1.0,5.0,MLB_BATTING_RESULTS.csv,,,,,,,,,,
2026-07-10,ALAN RODEN,HITTER,LAA,2.0,2.0,0.0,0.0,0.0,0.0,0,0.0,0.0,0.0,0.0,0.0,0.0,0.0,0.0,0.0,MLB_BATTING_RESULTS.csv,,,,,,,,,,
2026-07-10,ALEC BOHM,HITTER,DET,4.0,3.0,0.0,0.0,0.0,0.0,0,1.0,0.0,0.0,0.0,0.0,0.0,0.0,0.0,2.0,MLB_BATTING_RESULTS.csv,,,,,,,,,,
2026-07-10,ALEC BURLESON,HITTER,ATL,3.0,3.0,0.0,0.0,0.0,0.0,0,0.0,1.0,0.0,0.0,0.0,0.0,0.0,0.0,0.0,MLB_BATTING_RESULTS.csv,,,,,,,,,,
2026-07-10,ALEJANDRO KIRK,HITTER,SD,4.0,4.0,1.0,0.0,1.0,0.0,0,0.0,1.0,0.0,1.0,0.0,0.0,2.0,2.0,7.0,MLB_BATTING_RESULTS.csv,,,,,,,,,,
2026-07-10,ALEX BREGMAN,HITTER,CIN,4.0,4.0,0.0,0.0,0.0,0.0,0,0.0,3.0,0.0,0.0,0.0,0.0,0.0,0.0,0.0,MLB_BATTING_RESULTS.csv,,,,,,,,,,
2026-07-10,ALEX CALL,HITTER,AZ,1.0,1.0,0.0,0.0,0.0,0.0,0,0.0,0.0,0.0,0.0,0.0,0.0,0.0,0.0,0.0,MLB_BATTING_RESULTS.csv,,,,,,,,,,
2026-07-10,ALEX FREELAND,HITTER,AZ,1.0,1.0,0.0,0.0,0.0,0.0,0,0.0,1.0,0.0,0.0,0.0,0.0,0.0,0.0,0.0,MLB_BATTING_RESULTS.csv,,,,,,,,,,
2026-07-10,AMED ROSARIO,HITTER,WSH,2.0,2.0,0.0,0.0,0.0,0.0,0,0.0,2.0,0.0,0.0,0.0,0.0,0.0,0.0,0.0,MLB_BATTING_RESULTS.csv,,,,,,,,,,
2026-07-10,ANDREW BENINTENDI,HITTER,ATH,5.0,5.0,2.0,2.0,4.0,0.0,0,0.0,0.0,0.0,2.0,0.0,0.0,4.0,8.0,22.0,MLB_BATTING_RESULTS.csv,,,,,,,,,,
2026-07-10,ANDREW VAUGHN,HITTER,PIT,1.0,1.0,0.0,0.0,0.0,0.0,0,0.0,0.0,0.0,0.0,0.0,0.0,0.0,0.0,0.0,MLB_BATTING_RESULTS.csv,,,,,,,,,,
2026-07-10,ANDRÉS CHAPARRO,HITTER,NYY,2.0,2.0,1.0,0.0,0.0,0.0,0,0.0,0.0,0.0,0.0,0.0,1.0,1.0,1.0,3.0,MLB_BATTING_RESULTS.csv,,,,,,,,,,
2026-07-10,ANDY PAGES,HITTER,AZ,4.0,4.0,3.0,1.0,1.0,1.0,0,0.0,1.0,0.0,0.0,0.0,2.0,6.0,5.0,20.0,MLB_BATTING_RESULTS.csv,,,,,,,,,,
2026-07-10,ANTHONY SEIGLER,HITTER,NYM,5.0,5.0,2.0,2.0,2.0,1.0,0,0.0,1.0,0.0,0.0,0.0,1.0,5.0,6.0,21.0,MLB_BATTING_RESULTS.csv,,,,,,,,,,
2026-07-10,ANTHONY VOLPE,HITTER,WSH,2.0,1.0,1.0,0.0,0.0,0.0,1,0.0,0.0,0.0,0.0,0.0,1.0,1.0,1.0,5.0,MLB_BATTING_RESULTS.csv,,,,,,,,,,
2026-07-10,AUSTIN HEDGES,HITTER,MIA,3.0,3.0,1.0,1.0,0.0,0.0,0,0.0,1.0,0.0,0.0,0.0,1.0,1.0,2.0,5.0,MLB_BATTING_RESULTS.csv,,,,,,,,,,
2026-07-10,AUSTIN MARTIN,HITTER,LAA,2.0,2.0,0.0,0.0,1.0,0.0,0,0.0,1.0,0.0,0.0,0.0,0.0,0.0,1.0,2.0,MLB_BATTING_RESULTS.csv,,,,,,,,,,
2026-07-10,AUSTIN RILEY,HITTER,STL,3.0,2.0,1.0,0.0,1.0,0.0,1,0.0,0.0,1.0,0.0,0.0,1.0,1.0,2.0,12.0,MLB_BATTING_RESULTS.csv,,,,,,,,,,
2026-07-10,AUSTIN WELLS,HITTER,WSH,4.0,4.0,1.0,1.0,1.0,1.0,0,0.0,2.0,0.0,0.0,0.0,0.0,4.0,3.0,14.0,MLB_BATTING_RESULTS.csv,,,,,,,,,,
2026-07-10,BEN RICE,HITTER,WSH,5.0,4.0,1.0,1.0,1.0,1.0,1,0.0,1.0,0.0,0.0,0.0,0.0,4.0,3.0,16.0,MLB_BATTING_RESULTS.csv,,,,,,,,,,
2026-07-10,BLAZE ALEXANDER,HITTER,KC,4.0,4.0,2.0,2.0,1.0,1.0,0,0.0,1.0,0.0,0.0,0.0,1.0,5.0,5.0,19.0,MLB_BATTING_RESULTS.csv,,,,,,,,,,
2026-07-10,BLAZE JORDAN,HITTER,ATL,3.0,3.0,1.0,0.0,0.0,0.0,0,0.0,2.0,0.0,1.0,0.0,0.0,2.0,1.0,5.0,MLB_BATTING_RESULTS.csv,,,,,,,,,,
2026-07-10,BOBBY WITT JR.,HITTER,BAL,4.0,4.0,1.0,0.0,0.0,0.0,0,0.0,2.0,0.0,1.0,0.0,0.0,2.0,1.0,5.0,MLB_BATTING_RESULTS.csv,,,,,,,,,,
2026-07-10,BRADEN MONTGOMERY,HITTER,ATH,5.0,5.0,1.0,1.0,0.0,0.0,0,0.0,1.0,0.0,0.0,0.0,1.0,1.0,2.0,5.0,MLB_BATTING_RESULTS.csv,,,,,,,,,,
2026-07-10,BRANDON LOWE,HITTER,MIL,4.0,4.0,1.0,1.0,0.0,0.0,0,0.0,1.0,0.0,0.0,0.0,1.0,1.0,2.0,5.0,MLB_BATTING_RESULTS.csv,,,,,,,,,,
2026-07-10,BRANDON MARSH,HITTER,DET,4.0,4.0,1.0,0.0,0.0,0.0,0,0.0,3.0,0.0,0.0,0.0,1.0,1.0,1.0,3.0,MLB_BATTING_RESULTS.csv,,,,,,,,,,
2026-07-10,BRANDON NIMMO,HITTER,HOU,4.0,4.0,2.0,1.0,1.0,0.0,0,0.0,1.0,0.0,1.0,0.0,1.0,3.0,4.0,12.0,MLB_BATTING_RESULTS.csv,,,,,,,,,,
2026-07-10,BRAYAN ROCCHIO,HITTER,MIA,4.0,4.0,1.0,1.0,0.0,0.0,0,0.0,0.0,0.0,0.0,0.0,1.0,1.0,2.0,5.0,MLB_BATTING_RESULTS.csv,,,,,,,,,,
2026-07-10,BRETT BATY,HITTER,BOS,4.0,4.0,3.0,2.0,1.0,1.0,0,0.0,0.0,1.0,0.0,0.0,2.0,6.0,6.0,27.0,MLB_BATTING_RESULTS.csv,,,,,,,,,,
2026-07-10,BRICE MATTHEWS,HITTER,TEX,3.0,3.0,0.0,0.0,0.0,0.0,0,0.0,0.0,0.0,0.0,0.0,0.0,0.0,0.0,0.0,MLB_BATTING_RESULTS.csv,,,,,,,,,,
2026-07-10,BRICE TURANG,HITTER,PIT,5.0,3.0,0.0,0.0,0.0,0.0,2,0.0,0.0,0.0,0.0,0.0,0.0,0.0,0.0,4.0,MLB_BATTING_RESULTS.csv,,,,,,,,,,
2026-07-10,BROOKS LEE,HITTER,LAA,4.0,3.0,2.0,0.0,1.0,0.0,1,0.0,0.0,0.0,2.0,0.0,0.0,4.0,3.0,14.0,MLB_BATTING_RESULTS.csv,,,,,,,,,,
2026-07-10,BRYAN REYNOLDS,HITTER,MIL,4.0,3.0,0.0,1.0,0.0,0.0,0,1.0,2.0,0.0,0.0,0.0,0.0,0.0,1.0,4.0,MLB_BATTING_RESULTS.csv,,,,,,,,,,
2026-07-10,BRYAN TORRES,HITTER,ATL,1.0,1.0,0.0,0.0,0.0,0.0,0,0.0,1.0,0.0,0.0,0.0,0.0,0.0,0.0,0.0,MLB_BATTING_RESULTS.csv,,,,,,,,,,
2026-07-10,BRYCE ELDRIDGE,HITTER,COL,5.0,4.0,0.0,0.0,0.0,0.0,1,0.0,1.0,0.0,0.0,0.0,0.0,0.0,0.0,2.0,MLB_BATTING_RESULTS.csv,,,,,,,,,,
2026-07-10,BRYCE HARPER,HITTER,DET,4.0,3.0,0.0,1.0,0.0,0.0,1,0.0,0.0,0.0,0.0,0.0,0.0,0.0,1.0,4.0,MLB_BATTING_RESULTS.csv,,,,,,,,,,
2026-07-10,BRYSON STOTT,HITTER,DET,4.0,3.0,0.0,0.0,0.0,0.0,1,0.0,1.0,0.0,0.0,0.0,0.0,0.0,0.0,2.0,MLB_BATTING_RESULTS.csv,,,,,,,,,,
2026-07-10,BUDDY KENNEDY,HITTER,TB,3.0,3.0,0.0,0.0,0.0,0.0,0,0.0,0.0,0.0,0.0,0.0,0.0,0.0,0.0,0.0,MLB_BATTING_RESULTS.csv,,,,,,,,,,
2026-07-10,CAL RALEIGH,HITTER,TB,4.0,4.0,0.0,0.0,0.0,0.0,0,0.0,2.0,0.0,0.0,0.0,0.0,0.0,0.0,0.0,MLB_BATTING_RESULTS.csv,,,,,,,,,,
2026-07-10,CALEB DURBIN,HITTER,NYM,5.0,5.0,1.0,0.0,0.0,0.0,0,0.0,0.0,0.0,0.0,0.0,1.0,1.0,1.0,3.0,MLB_BATTING_RESULTS.csv,,,,,,,,,,
2026-07-10,CAM SMITH,HITTER,TEX,4.0,4.0,0.0,0.0,0.0,0.0,0,0.0,0.0,0.0,0.0,0.0,0.0,0.0,0.0,0.0,MLB_BATTING_RESULTS.csv,,,,,,,,,,
2026-07-10,CARLOS CORTES,HITTER,CWS,1.0,0.0,0.0,0.0,0.0,0.0,1,0.0,0.0,0.0,0.0,0.0,0.0,0.0,0.0,2.0,MLB_BATTING_RESULTS.csv,,,,,,,,,,
2026-07-10,CARSON BENGE,HITTER,BOS,4.0,4.0,1.0,0.0,0.0,0.0,0,0.0,0.0,1.0,0.0,0.0,1.0,1.0,1.0,8.0,MLB_BATTING_RESULTS.csv,,,,,,,,,,
2026-07-10,CARSON KELLY,HITTER,CIN,3.0,3.0,0.0,0.0,0.0,0.0,0,0.0,0.0,0.0,0.0,0.0,0.0,0.0,0.0,0.0,MLB_BATTING_RESULTS.csv,,,,,,,,,,
2026-07-10,CARTER JENSEN,HITTER,BAL,4.0,4.0,0.0,0.0,0.0,0.0,0,0.0,1.0,0.0,0.0,0.0,0.0,0.0,0.0,0.0,MLB_BATTING_RESULTS.csv,,,,,,,,,,
2026-07-10,CASEY SCHMITT,HITTER,COL,5.0,4.0,2.0,0.0,0.0,0.0,1,0.0,1.0,0.0,0.0,0.0,2.0,2.0,2.0,8.0,MLB_BATTING_RESULTS.csv,,,,,,,,,,
2026-07-10,CEDDANNE RAFAELA,HITTER,NYM,5.0,3.0,1.0,1.0,0.0,0.0,1,0.0,0.0,0.0,0.0,0.0,1.0,1.0,2.0,7.0,MLB_BATTING_RESULTS.csv,,,,,,,,,,
2026-07-10,CEDRIC MULLINS,HITTER,SEA,4.0,4.0,1.0,1.0,1.0,1.0,0,0.0,1.0,0.0,0.0,0.0,0.0,4.0,3.0,14.0,MLB_BATTING_RESULTS.csv,,,,,,,,,,
2026-07-10,CHANDLER SIMPSON,HITTER,SEA,4.0,4.0,3.0,1.0,1.0,0.0,0,0.0,0.0,0.0,0.0,0.0,3.0,3.0,5.0,13.0,MLB_BATTING_RESULTS.csv,,,,,,,,,,
2026-07-10,CHASE DELAUTER,HITTER,MIA,4.0,4.0,2.0,1.0,2.0,1.0,0,0.0,1.0,0.0,0.0,0.0,1.0,5.0,5.0,19.0,MLB_BATTING_RESULTS.csv,,,,,,,,,,
2026-07-10,CHASE MEIDROTH,HITTER,ATH,5.0,4.0,2.0,2.0,1.0,0.0,1,0.0,2.0,0.0,1.0,0.0,1.0,3.0,5.0,16.0,MLB_BATTING_RESULTS.csv,,,,,,,,,,
2026-07-10,CHRISTIAN WALKER,HITTER,TEX,4.0,4.0,0.0,0.0,0.0,0.0,0,0.0,0.0,0.0,0.0,0.0,0.0,0.0,0.0,0.0,MLB_BATTING_RESULTS.csv,,,,,,,,,,
2026-07-10,CHRISTIAN YELICH,HITTER,PIT,5.0,5.0,1.0,0.0,0.0,0.0,0,0.0,2.0,0.0,0.0,0.0,1.0,1.0,1.0,3.0,MLB_BATTING_RESULTS.csv,,,,,,,,,,
2026-07-10,CJ ABRAMS,HITTER,NYY,4.0,4.0,1.0,0.0,0.0,0.0,0,0.0,1.0,0.0,1.0,0.0,0.0,2.0,1.0,5.0,MLB_BATTING_RESULTS.csv,,,,,,,,,,
2026-07-10,CODY BELLINGER,HITTER,WSH,4.0,4.0,2.0,0.0,0.0,0.0,0,0.0,0.0,0.0,0.0,0.0,2.0,2.0,2.0,6.0,MLB_BATTING_RESULTS.csv,,,,,,,,,,
2026-07-10,COLBY THOMAS,HITTER,CWS,1.0,1.0,0.0,0.0,0.0,0.0,0,0.0,0.0,0.0,0.0,0.0,0.0,0.0,0.0,0.0,MLB_BATTING_RESULTS.csv,,,,,,,,,,
2026-07-10,COLE CARRIGG,HITTER,SF,5.0,3.0,0.0,0.0,1.0,0.0,1,0.0,3.0,0.0,0.0,0.0,0.0,0.0,1.0,4.0,MLB_BATTING_RESULTS.csv,,,,,,,,,,
2026-07-10,COLE YOUNG,HITTER,TB,3.0,3.0,1.0,1.0,1.0,1.0,0,0.0,1.0,0.0,0.0,0.0,0.0,4.0,3.0,14.0,MLB_BATTING_RESULTS.csv,,,,,,,,,,
2026-07-10,COLSON MONTGOMERY,HITTER,ATH,5.0,5.0,1.0,1.0,0.0,0.0,0,0.0,1.0,0.0,0.0,0.0,1.0,1.0,2.0,5.0,MLB_BATTING_RESULTS.csv,,,,,,,,,,
2026-07-10,COLT KEITH,HITTER,PHI,5.0,5.0,1.0,1.0,1.0,1.0,0,0.0,1.0,0.0,0.0,0.0,0.0,4.0,3.0,14.0,MLB_BATTING_RESULTS.csv,,,,,,,,,,
2026-07-10,COLTON COWSER,HITTER,KC,4.0,4.0,0.0,0.0,0.0,0.0,0,0.0,3.0,0.0,0.0,0.0,0.0,0.0,0.0,0.0,MLB_BATTING_RESULTS.csv,,,,,,,,,,
2026-07-10,CONNOR WONG,HITTER,NYM,5.0,3.0,0.0,0.0,0.0,0.0,1,1.0,1.0,1.0,0.0,0.0,0.0,0.0,0.0,9.0,MLB_BATTING_RESULTS.csv,,,,,,,,,,
2026-07-10,COOPER PRATT,HITTER,PIT,4.0,4.0,2.0,1.0,1.0,0.0,0,0.0,1.0,0.0,1.0,0.0,1.0,3.0,4.0,12.0,MLB_BATTING_RESULTS.csv,,,,,,,,,,
2026-07-10,CORBIN CARROLL,HITTER,LAD,5.0,4.0,0.0,2.0,0.0,0.0,1,0.0,1.0,1.0,0.0,0.0,0.0,0.0,2.0,11.0,MLB_BATTING_RESULTS.csv,,,,,,,,,,
2026-07-10,CURTIS MEAD,HITTER,NYY,4.0,4.0,1.0,0.0,0.0,0.0,0,0.0,1.0,0.0,0.0,0.0,1.0,1.0,1.0,3.0,MLB_BATTING_RESULTS.csv,,,,,,,,,,
2026-07-10,DALTON RUSHING,HITTER,AZ,4.0,4.0,0.0,0.0,0.0,0.0,0,0.0,1.0,0.0,0.0,0.0,0.0,0.0,0.0,0.0,MLB_BATTING_RESULTS.csv,,,,,,,,,,
2026-07-10,DANIEL SCHNEEMANN,HITTER,MIA,3.0,3.0,0.0,0.0,0.0,0.0,0,0.0,2.0,0.0,0.0,0.0,0.0,0.0,0.0,0.0,MLB_BATTING_RESULTS.csv,,,,,,,,,,
2026-07-10,DANSBY SWANSON,HITTER,CIN,3.0,3.0,1.0,0.0,0.0,0.0,0,0.0,0.0,0.0,0.0,0.0,1.0,1.0,1.0,3.0,MLB_BATTING_RESULTS.csv,,,,,,,,,,
2026-07-10,DAULTON VARSHO,HITTER,SD,4.0,4.0,0.0,0.0,0.0,0.0,0,0.0,0.0,0.0,0.0,0.0,0.0,0.0,0.0,0.0,MLB_BATTING_RESULTS.csv,,,,,,,,,,
2026-07-10,DAYLEN LILE,HITTER,NYY,2.0,1.0,0.0,0.0,0.0,0.0,0,1.0,1.0,1.0,0.0,0.0,0.0,0.0,0.0,7.0,MLB_BATTING_RESULTS.csv,,,,,,,,,,
2026-07-10,DEREK HILL,HITTER,DET,4.0,4.0,3.0,1.0,2.0,1.0,0,0.0,1.0,0.0,0.0,0.0,2.0,6.0,6.0,22.0,MLB_BATTING_RESULTS.csv,,,,,,,,,,
2026-07-10,DOMINIC CANZONE,HITTER,TB,4.0,4.0,0.0,0.0,1.0,0.0,0,0.0,0.0,0.0,0.0,0.0,0.0,0.0,1.0,2.0,MLB_BATTING_RESULTS.csv,,,,,,,,,,
2026-07-10,DOMINIC SMITH,HITTER,STL,3.0,3.0,0.0,0.0,0.0,0.0,0,0.0,0.0,0.0,0.0,0.0,0.0,0.0,0.0,0.0,MLB_BATTING_RESULTS.csv,,,,,,,,,,
2026-07-10,DRAKE BALDWIN,HITTER,STL,4.0,4.0,0.0,0.0,0.0,0.0,0,0.0,0.0,0.0,0.0,0.0,0.0,0.0,0.0,0.0,MLB_BATTING_RESULTS.csv,,,,,,,,,,
2026-07-10,DREW CAVANAUGH,HITTER,COL,4.0,3.0,1.0,0.0,0.0,0.0,1,0.0,0.0,0.0,0.0,0.0,1.0,1.0,1.0,5.0,MLB_BATTING_RESULTS.csv,,,,,,,,,,
2026-07-10,DREW GILBERT,HITTER,COL,4.0,4.0,1.0,0.0,0.0,0.0,0,0.0,0.0,0.0,1.0,0.0,0.0,2.0,1.0,5.0,MLB_BATTING_RESULTS.csv,,,,,,,,,,
2026-07-10,DYLAN BEAVERS,HITTER,KC,3.0,3.0,1.0,1.0,0.0,0.0,0,0.0,0.0,0.0,0.0,0.0,1.0,1.0,2.0,5.0,MLB_BATTING_RESULTS.csv,,,,,,,,,,
2026-07-10,DYLAN CREWS,HITTER,NYY,4.0,4.0,0.0,0.0,0.0,0.0,0,0.0,2.0,0.0,0.0,0.0,0.0,0.0,0.0,0.0,MLB_BATTING_RESULTS.csv,,,,,,,,,,
2026-07-10,EDOUARD JULIEN,HITTER,SF,1.0,1.0,0.0,0.0,0.0,0.0,0,0.0,0.0,1.0,0.0,0.0,0.0,0.0,0.0,5.0,MLB_BATTING_RESULTS.csv,,,,,,,,,,
2026-07-10,EDUARDO VALENCIA,HITTER,PHI,4.0,4.0,2.0,1.0,1.0,0.0,0,0.0,2.0,0.0,0.0,0.0,2.0,2.0,4.0,10.0,MLB_BATTING_RESULTS.csv,,,,,,,,,,
2026-07-10,EDWIN ARROYO,HITTER,CHC,4.0,4.0,2.0,0.0,0.0,0.0,0,0.0,1.0,0.0,0.0,0.0,2.0,2.0,2.0,6.0,MLB_BATTING_RESULTS.csv,,,,,,,,,,
2026-07-10,ELIAS DÍAZ,HITTER,HOU,1.0,1.0,0.0,0.0,0.0,0.0,0,0.0,0.0,0.0,0.0,0.0,0.0,0.0,0.0,0.0,MLB_BATTING_RESULTS.csv,,,,,,,,,,
2026-07-10,ELIEZER ALFONZO,HITTER,AZ,1.0,1.0,0.0,0.0,0.0,0.0,0,0.0,0.0,0.0,0.0,0.0,0.0,0.0,0.0,0.0,MLB_BATTING_RESULTS.csv,,,,,,,,,,
2026-07-10,ELLY DE LA CRUZ,HITTER,CHC,5.0,5.0,2.0,2.0,1.0,1.0,0,0.0,0.0,0.0,0.0,1.0,0.0,7.0,5.0,24.0,MLB_BATTING_RESULTS.csv,,,,,,,,,,
2026-07-10,ERNIE CLEMENT,HITTER,SD,5.0,5.0,2.0,1.0,0.0,0.0,0,0.0,0.0,0.0,0.0,0.0,2.0,2.0,3.0,8.0,MLB_BATTING_RESULTS.csv,,,,,,,,,,
2026-07-10,ESMERLYN VALDEZ,HITTER,MIL,4.0,4.0,3.0,2.0,6.0,2.0,0,0.0,1.0,0.0,0.0,0.0,1.0,9.0,11.0,39.0,MLB_BATTING_RESULTS.csv,,,,,,,,,,
2026-07-10,ESTEURY RUIZ,HITTER,CLE,3.0,0.0,0.0,0.0,0.0,0.0,3,0.0,0.0,1.0,0.0,0.0,0.0,0.0,0.0,11.0,MLB_BATTING_RESULTS.csv,,,,,,,,,,
2026-07-10,EUGENIO SUÁREZ,HITTER,CHC,4.0,4.0,1.0,0.0,0.0,0.0,0,0.0,3.0,0.0,0.0,0.0,1.0,1.0,1.0,3.0,MLB_BATTING_RESULTS.csv,,,,,,,,,,
2026-07-10,EVAN CARTER,HITTER,HOU,4.0,3.0,0.0,0.0,0.0,0.0,1,0.0,0.0,0.0,0.0,0.0,0.0,0.0,0.0,2.0,MLB_BATTING_RESULTS.csv,,,,,,,,,,
2026-07-10,EZEQUIEL DURAN,HITTER,HOU,4.0,3.0,1.0,0.0,0.0,0.0,1,0.0,0.0,1.0,0.0,0.0,1.0,1.0,1.0,10.0,MLB_BATTING_RESULTS.csv,,,,,,,,,,
2026-07-10,EZEQUIEL TOVAR,HITTER,SF,3.0,3.0,1.0,1.0,0.0,0.0,0,0.0,0.0,0.0,1.0,0.0,0.0,2.0,2.0,7.0,MLB_BATTING_RESULTS.csv,,,,,,,,,,
2026-07-10,FERNANDO TATIS JR.,HITTER,TOR,5.0,5.0,1.0,0.0,0.0,0.0,0,0.0,1.0,0.0,0.0,0.0,1.0,1.0,1.0,3.0,MLB_BATTING_RESULTS.csv,,,,,,,,,,
2026-07-10,FRANCISCO ALVAREZ,HITTER,BOS,4.0,4.0,0.0,0.0,0.0,0.0,0,0.0,0.0,0.0,0.0,0.0,0.0,0.0,0.0,0.0,MLB_BATTING_RESULTS.csv,,,,,,,,,,
2026-07-10,FRANCISCO LINDOR,HITTER,BOS,4.0,4.0,1.0,0.0,0.0,0.0,0,0.0,0.0,0.0,0.0,0.0,1.0,1.0,1.0,3.0,MLB_BATTING_RESULTS.csv,,,,,,,,,,
2026-07-10,FREDDIE FREEMAN,HITTER,AZ,3.0,3.0,0.0,0.0,0.0,0.0,0,0.0,1.0,0.0,0.0,0.0,0.0,0.0,0.0,0.0,MLB_BATTING_RESULTS.csv,,,,,,,,,,
2026-07-10,GABRIEL MORENO,HITTER,LAD,5.0,5.0,2.0,0.0,2.0,0.0,0,0.0,1.0,0.0,1.0,0.0,1.0,3.0,4.0,12.0,MLB_BATTING_RESULTS.csv,,,,,,,,,,
2026-07-10,GABRIEL RINCONES JR.,HITTER,DET,4.0,4.0,0.0,0.0,0.0,0.0,0,0.0,2.0,0.0,0.0,0.0,0.0,0.0,0.0,0.0,MLB_BATTING_RESULTS.csv,,,,,,,,,,
2026-07-10,GARRETT MITCHELL,HITTER,PIT,4.0,3.0,1.0,1.0,0.0,0.0,1,0.0,2.0,0.0,1.0,0.0,0.0,2.0,2.0,9.0,MLB_BATTING_RESULTS.csv,,,,,,,,,,
2026-07-10,GAVIN SHEETS,HITTER,TOR,4.0,3.0,0.0,0.0,0.0,0.0,1,0.0,1.0,0.0,0.0,0.0,0.0,0.0,0.0,2.0,MLB_BATTING_RESULTS.csv,,,,,,,,,,
2026-07-10,GEORGE SPRINGER,HITTER,SD,4.0,4.0,1.0,0.0,0.0,0.0,0,0.0,1.0,0.0,0.0,0.0,1.0,1.0,1.0,3.0,MLB_BATTING_RESULTS.csv,,,,,,,,,,
2026-07-10,GERALDO PERDOMO,HITTER,LAD,5.0,4.0,1.0,1.0,1.0,0.0,1,0.0,0.0,0.0,0.0,0.0,1.0,1.0,3.0,9.0,MLB_BATTING_RESULTS.csv,,,,,,,,,,
2026-07-10,GRANT MCCRAY,HITTER,COL,1.0,1.0,0.0,1.0,0.0,0.0,0,0.0,0.0,1.0,0.0,0.0,0.0,0.0,1.0,7.0,MLB_BATTING_RESULTS.csv,,,,,,,,,,
2026-07-10,GRIFFIN CONINE,HITTER,CLE,1.0,1.0,0.0,0.0,0.0,0.0,0,0.0,0.0,0.0,0.0,0.0,0.0,0.0,0.0,0.0,MLB_BATTING_RESULTS.csv,,,,,,,,,,
2026-07-10,GUNNAR HENDERSON,HITTER,KC,4.0,4.0,1.0,0.0,1.0,0.0,0,0.0,1.0,0.0,0.0,0.0,1.0,1.0,2.0,5.0,MLB_BATTING_RESULTS.csv,,,,,,,,,,
2026-07-10,HELIOT RAMOS,HITTER,COL,4.0,4.0,0.0,0.0,0.0,0.0,0,0.0,1.0,0.0,0.0,0.0,0.0,0.0,0.0,0.0,MLB_BATTING_RESULTS.csv,,,,,,,,,,
2026-07-10,HENRY BOLTE,HITTER,CWS,3.0,2.0,0.0,0.0,0.0,0.0,0,1.0,1.0,0.0,0.0,0.0,0.0,0.0,0.0,2.0,MLB_BATTING_RESULTS.csv,,,,,,,,,,
2026-07-10,HENRY DAVIS,HITTER,MIL,4.0,2.0,1.0,1.0,0.0,0.0,2,0.0,0.0,0.0,0.0,0.0,1.0,1.0,2.0,9.0,MLB_BATTING_RESULTS.csv,,,,,,,,,,
2026-07-10,HERIBERTO HERNÁNDEZ,HITTER,CLE,4.0,3.0,1.0,1.0,1.0,1.0,1,0.0,0.0,0.0,0.0,0.0,0.0,4.0,3.0,16.0,MLB_BATTING_RESULTS.csv,,,,,,,,,,
2026-07-10,HUNTER FEDUCCIA,HITTER,SEA,4.0,4.0,1.0,0.0,0.0,0.0,0,0.0,1.0,0.0,0.0,0.0,1.0,1.0,1.0,3.0,MLB_BATTING_RESULTS.csv,,,,,,,,,,
2026-07-10,HUNTER GOODMAN,HITTER,SF,5.0,3.0,1.0,0.0,0.0,0.0,2,0.0,1.0,0.0,0.0,0.0,1.0,1.0,1.0,7.0,MLB_BATTING_RESULTS.csv,,,,,,,,,,
2026-07-10,IAN HAPP,HITTER,CIN,4.0,3.0,1.0,0.0,0.0,0.0,1,0.0,2.0,0.0,0.0,0.0,1.0,1.0,1.0,5.0,MLB_BATTING_RESULTS.csv,,,,,,,,,,
2026-07-10,ILDEMARO VARGAS,HITTER,LAD,5.0,5.0,1.0,0.0,0.0,0.0,0,0.0,3.0,0.0,0.0,0.0,1.0,1.0,1.0,3.0,MLB_BATTING_RESULTS.csv,,,,,,,,,,
2026-07-10,ISAAC COLLINS,HITTER,BAL,3.0,3.0,2.0,1.0,1.0,1.0,0,0.0,0.0,0.0,0.0,0.0,1.0,5.0,4.0,17.0,MLB_BATTING_RESULTS.csv,,,,,,,,,,
2026-07-10,ISAAC PAREDES,HITTER,TEX,4.0,3.0,0.0,0.0,0.0,0.0,1,0.0,0.0,0.0,0.0,0.0,0.0,0.0,0.0,2.0,MLB_BATTING_RESULTS.csv,,,,,,,,,,
2026-07-10,IVÁN HERRERA,HITTER,ATL,4.0,4.0,2.0,0.0,0.0,0.0,0,0.0,0.0,0.0,0.0,0.0,2.0,2.0,2.0,6.0,MLB_BATTING_RESULTS.csv,,,,,,,,,,
2026-07-10,J.P. CRAWFORD,HITTER,TB,4.0,4.0,2.0,1.0,0.0,0.0,0,0.0,0.0,0.0,1.0,0.0,1.0,3.0,3.0,10.0,MLB_BATTING_RESULTS.csv,,,,,,,,,,
2026-07-10,JAC CAGLIANONE,HITTER,BAL,4.0,4.0,2.0,1.0,1.0,1.0,0,0.0,0.0,0.0,0.0,0.0,1.0,5.0,4.0,17.0,MLB_BATTING_RESULTS.csv,,,,,,,,,,
2026-07-10,JACKSON CHOURIO,HITTER,PIT,1.0,1.0,0.0,0.0,0.0,0.0,0,0.0,0.0,0.0,0.0,0.0,0.0,0.0,0.0,0.0,MLB_BATTING_RESULTS.csv,,,,,,,,,,
2026-07-10,JACKSON HOLLIDAY,HITTER,KC,3.0,3.0,1.0,0.0,1.0,0.0,0,0.0,0.0,0.0,0.0,0.0,1.0,1.0,2.0,5.0,MLB_BATTING_RESULTS.csv,,,,,,,,,,
2026-07-10,JACKSON MERRILL,HITTER,TOR,5.0,4.0,1.0,1.0,1.0,0.0,1,0.0,0.0,0.0,0.0,0.0,1.0,1.0,3.0,9.0,MLB_BATTING_RESULTS.csv,,,,,,,,,,
2026-07-10,JACOB WILSON,HITTER,CWS,3.0,3.0,2.0,0.0,0.0,0.0,0,0.0,0.0,0.0,0.0,0.0,2.0,2.0,2.0,6.0,MLB_BATTING_RESULTS.csv,,,,,,,,,,
2026-07-10,JACOB YOUNG,HITTER,NYY,4.0,4.0,1.0,0.0,0.0,0.0,0,0.0,0.0,1.0,0.0,0.0,1.0,1.0,1.0,8.0,MLB_BATTING_RESULTS.csv,,,,,,,,,,
2026-07-10,JAKE BAUERS,HITTER,PIT,4.0,3.0,1.0,1.0,2.0,1.0,1,0.0,1.0,0.0,0.0,0.0,0.0,4.0,4.0,18.0,MLB_BATTING_RESULTS.csv,,,,,,,,,,
2026-07-10,JAKE BURGER,HITTER,HOU,4.0,4.0,1.0,1.0,4.0,1.0,0,0.0,0.0,0.0,0.0,0.0,0.0,4.0,6.0,20.0,MLB_BATTING_RESULTS.csv,,,,,,,,,,
2026-07-10,JAKE CRONENWORTH,HITTER,TOR,1.0,1.0,0.0,0.0,0.0,0.0,0,0.0,1.0,0.0,0.0,0.0,0.0,0.0,0.0,0.0,MLB_BATTING_RESULTS.csv,,,,,,,,,,
2026-07-10,JAKE MANGUM,HITTER,MIL,4.0,3.0,1.0,2.0,0.0,0.0,0,1.0,0.0,0.0,0.0,0.0,1.0,1.0,3.0,9.0,MLB_BATTING_RESULTS.csv,,,,,,,,,,
2026-07-10,JAKE MCCARTHY,HITTER,SF,5.0,4.0,2.0,1.0,1.0,0.0,1,0.0,1.0,0.0,1.0,0.0,1.0,3.0,4.0,14.0,MLB_BATTING_RESULTS.csv,,,,,,,,,,
2026-07-10,JAKE ROGERS,HITTER,PHI,4.0,3.0,1.0,1.0,0.0,0.0,1,0.0,0.0,0.0,0.0,0.0,1.0,1.0,2.0,7.0,MLB_BATTING_RESULTS.csv,,,,,,,,,,
2026-07-10,JAKOB MARSEE,HITTER,CLE,4.0,3.0,1.0,0.0,0.0,0.0,1,0.0,0.0,1.0,0.0,0.0,1.0,1.0,1.0,10.0,MLB_BATTING_RESULTS.csv,,,,,,,,,,
2026-07-10,JAMES OUTMAN,HITTER,PHI,4.0,4.0,1.0,1.0,2.0,0.0,0,0.0,1.0,0.0,0.0,1.0,0.0,3.0,4.0,14.0,MLB_BATTING_RESULTS.csv,,,,,,,,,,
2026-07-10,JAMES WOOD,HITTER,NYY,5.0,5.0,3.0,2.0,1.0,1.0,0,0.0,0.0,0.0,1.0,0.0,1.0,7.0,6.0,24.0,MLB_BATTING_RESULTS.csv,,,,,,,,,,
2026-07-10,JARED TRIOLO,HITTER,MIL,4.0,4.0,0.0,0.0,0.0,0.0,0,0.0,1.0,0.0,0.0,0.0,0.0,0.0,0.0,0.0,MLB_BATTING_RESULTS.csv,,,,,,,,,,
2026-07-10,JARED YOUNG,HITTER,BOS,4.0,4.0,2.0,0.0,0.0,0.0,0,0.0,1.0,0.0,1.0,0.0,1.0,3.0,2.0,8.0,MLB_BATTING_RESULTS.csv,,,,,,,,,,
2026-07-10,JARREN DURAN,HITTER,NYM,5.0,4.0,0.0,0.0,0.0,0.0,1,0.0,1.0,0.0,0.0,0.0,0.0,0.0,0.0,2.0,MLB_BATTING_RESULTS.csv,,,,,,,,,,
2026-07-10,JASE BOWEN,HITTER,TOR,2.0,2.0,0.0,0.0,0.0,0.0,0,0.0,2.0,0.0,0.0,0.0,0.0,0.0,0.0,0.0,MLB_BATTING_RESULTS.csv,,,,,,,,,,
2026-07-10,JASSON DOMÍNGUEZ,HITTER,WSH,4.0,4.0,2.0,2.0,1.0,1.0,0,0.0,1.0,0.0,0.0,0.0,1.0,5.0,5.0,19.0,MLB_BATTING_RESULTS.csv,,,,,,,,,,
2026-07-10,JAVIER SANOJA,HITTER,CLE,4.0,4.0,0.0,0.0,0.0,0.0,0,0.0,0.0,0.0,0.0,0.0,0.0,0.0,0.0,0.0,MLB_BATTING_RESULTS.csv,,,,,,,,,,
2026-07-10,JAZZ CHISHOLM JR.,HITTER,WSH,4.0,4.0,1.0,1.0,2.0,1.0,0,0.0,1.0,0.0,0.0,0.0,0.0,4.0,4.0,16.0,MLB_BATTING_RESULTS.csv,,,,,,,,,,
2026-07-10,JEFF MCNEIL,HITTER,CWS,3.0,3.0,0.0,0.0,0.0,0.0,0,0.0,0.0,0.0,0.0,0.0,0.0,0.0,0.0,0.0,MLB_BATTING_RESULTS.csv,,,,,,,,,,
2026-07-10,JEREMY PEÑA,HITTER,TEX,4.0,4.0,1.0,0.0,0.0,0.0,0,0.0,0.0,0.0,0.0,0.0,1.0,1.0,1.0,3.0,MLB_BATTING_RESULTS.csv,,,,,,,,,,
2026-07-10,JIM JARVIS,HITTER,STL,2.0,2.0,1.0,0.0,0.0,0.0,0,0.0,0.0,0.0,0.0,0.0,1.0,1.0,1.0,3.0,MLB_BATTING_RESULTS.csv,,,,,,,,,,
2026-07-10,JIMMY CROOKS,HITTER,ATL,1.0,1.0,1.0,1.0,1.0,1.0,0,0.0,0.0,0.0,0.0,0.0,0.0,4.0,3.0,14.0,MLB_BATTING_RESULTS.csv,,,,,,,,,,
2026-07-10,JJ BLEDAY,HITTER,CHC,4.0,3.0,1.0,1.0,2.0,1.0,1,0.0,1.0,0.0,0.0,0.0,0.0,4.0,4.0,18.0,MLB_BATTING_RESULTS.csv,,,,,,,,,,
2026-07-10,JJ WETHERHOLT,HITTER,ATL,4.0,2.0,0.0,1.0,0.0,0.0,2,0.0,0.0,0.0,0.0,0.0,0.0,0.0,1.0,6.0,MLB_BATTING_RESULTS.csv,,,,,,,,,,
2026-07-10,JO ADELL,HITTER,MIN,4.0,4.0,0.0,0.0,0.0,0.0,0,0.0,1.0,0.0,0.0,0.0,0.0,0.0,0.0,0.0,MLB_BATTING_RESULTS.csv,,,,,,,,,,
2026-07-10,JOC PEDERSON,HITTER,HOU,3.0,2.0,1.0,1.0,1.0,1.0,1,0.0,0.0,0.0,0.0,0.0,0.0,4.0,3.0,16.0,MLB_BATTING_RESULTS.csv,,,,,,,,,,
2026-07-10,JOE MACK,HITTER,CLE,3.0,2.0,0.0,0.0,0.0,0.0,0,0.0,1.0,0.0,0.0,0.0,0.0,0.0,0.0,0.0,MLB_BATTING_RESULTS.csv,,,,,,,,,,
2026-07-10,JOEY BART,HITTER,STL,1.0,1.0,0.0,0.0,0.0,0.0,0,0.0,1.0,0.0,0.0,0.0,0.0,0.0,0.0,0.0,MLB_BATTING_RESULTS.csv,,,,,,,,,,
2026-07-10,JOEY MENESES,HITTER,CWS,3.0,3.0,0.0,0.0,0.0,0.0,0,0.0,1.0,0.0,0.0,0.0,0.0,0.0,0.0,0.0,MLB_BATTING_RESULTS.csv,,,,,,,,,,
2026-07-10,JOEY ORTIZ,HITTER,PIT,4.0,4.0,0.0,0.0,0.0,0.0,0,0.0,0.0,0.0,0.0,0.0,0.0,0.0,0.0,0.0,MLB_BATTING_RESULTS.csv,,,,,,,,,,
2026-07-10,JONAH HEIM,HITTER,CWS,4.0,4.0,0.0,0.0,0.0,0.0,0,0.0,2.0,0.0,0.0,0.0,0.0,0.0,0.0,0.0,MLB_BATTING_RESULTS.csv,,,,,,,,,,
2026-07-10,JONATAN CLASE,HITTER,SD,3.0,3.0,1.0,0.0,0.0,0.0,0,0.0,0.0,0.0,0.0,0.0,1.0,1.0,1.0,3.0,MLB_BATTING_RESULTS.csv,,,,,,,,,,
2026-07-10,JONATHAN ARANDA,HITTER,SEA,5.0,5.0,3.0,1.0,0.0,0.0,0,0.0,0.0,0.0,1.0,0.0,2.0,4.0,4.0,13.0,MLB_BATTING_RESULTS.csv,,,,,,,,,,
2026-07-10,JORBIT VIVAS,HITTER,NYY,2.0,2.0,0.0,0.0,0.0,0.0,0,0.0,1.0,0.0,0.0,0.0,0.0,0.0,0.0,0.0,MLB_BATTING_RESULTS.csv,,,,,,,,,,
2026-07-10,JORDAN WALKER,HITTER,ATL,4.0,4.0,1.0,0.0,1.0,0.0,0,0.0,1.0,0.0,0.0,0.0,1.0,1.0,2.0,5.0,MLB_BATTING_RESULTS.csv,,,,,,,,,,
2026-07-10,JORGE BARROSA,HITTER,LAD,2.0,1.0,1.0,2.0,0.0,0.0,0,0.0,0.0,0.0,0.0,0.0,1.0,1.0,3.0,7.0,MLB_BATTING_RESULTS.csv,,,,,,,,,,
2026-07-10,JORGE POLANCO,HITTER,BOS,4.0,4.0,0.0,0.0,0.0,0.0,0,0.0,0.0,0.0,0.0,0.0,0.0,0.0,0.0,0.0,MLB_BATTING_RESULTS.csv,,,,,,,,,,
2026-07-10,JORGE SOLER,HITTER,MIN,4.0,4.0,1.0,1.0,0.0,0.0,0,0.0,0.0,0.0,1.0,0.0,0.0,2.0,2.0,7.0,MLB_BATTING_RESULTS.csv,,,,,,,,,,
2026-07-10,JOSE ALTUVE,HITTER,TEX,4.0,4.0,2.0,0.0,0.0,0.0,0,0.0,1.0,0.0,0.0,0.0,2.0,2.0,2.0,6.0,MLB_BATTING_RESULTS.csv,,,,,,,,,,
2026-07-10,JOSH BELL,HITTER,LAA,4.0,4.0,2.0,1.0,0.0,0.0,0,0.0,0.0,0.0,2.0,0.0,0.0,4.0,3.0,12.0,MLB_BATTING_RESULTS.csv,,,,,,,,,,
2026-07-10,JOSH JUNG,HITTER,HOU,4.0,3.0,1.0,2.0,0.0,0.0,1,0.0,1.0,0.0,0.0,0.0,1.0,1.0,3.0,9.0,MLB_BATTING_RESULTS.csv,,,,,,,,,,
2026-07-10,JOSH LOWE,HITTER,MIN,4.0,3.0,0.0,0.0,0.0,0.0,1,0.0,0.0,0.0,0.0,0.0,0.0,0.0,0.0,2.0,MLB_BATTING_RESULTS.csv,,,,,,,,,,
2026-07-10,JOSH NAYLOR,HITTER,TB,4.0,3.0,1.0,0.0,0.0,0.0,1,0.0,0.0,1.0,0.0,0.0,1.0,1.0,1.0,10.0,MLB_BATTING_RESULTS.csv,,,,,,,,,,
2026-07-10,JOSH ROJAS,HITTER,BAL,4.0,4.0,2.0,0.0,1.0,0.0,0,0.0,1.0,0.0,1.0,0.0,1.0,3.0,3.0,10.0,MLB_BATTING_RESULTS.csv,,,,,,,,,,
2026-07-10,JOSHUA KURODA-GRAUER,HITTER,CWS,3.0,3.0,1.0,0.0,0.0,0.0,0,0.0,1.0,0.0,0.0,0.0,1.0,1.0,1.0,3.0,MLB_BATTING_RESULTS.csv,,,,,,,,,,
2026-07-10,JOSÉ CABALLERO,HITTER,WSH,4.0,4.0,2.0,0.0,0.0,0.0,0,0.0,1.0,1.0,0.0,0.0,2.0,2.0,2.0,11.0,MLB_BATTING_RESULTS.csv,,,,,,,,,,
2026-07-10,JOSÉ FERMÍN,HITTER,ATL,3.0,3.0,0.0,0.0,0.0,0.0,0,0.0,2.0,0.0,0.0,0.0,0.0,0.0,0.0,0.0,MLB_BATTING_RESULTS.csv,,,,,,,,,,
2026-07-10,JUAN SOTO,HITTER,BOS,4.0,3.0,1.0,0.0,1.0,0.0,0,0.0,1.0,0.0,0.0,0.0,1.0,1.0,2.0,5.0,MLB_BATTING_RESULTS.csv,,,,,,,,,,
2026-07-10,JUNG HOO LEE,HITTER,COL,4.0,4.0,1.0,0.0,0.0,0.0,0,0.0,0.0,0.0,0.0,0.0,1.0,1.0,1.0,3.0,MLB_BATTING_RESULTS.csv,,,,,,,,,,
2026-07-10,JUNIOR CAMINERO,HITTER,SEA,5.0,4.0,2.0,2.0,2.0,1.0,1,0.0,1.0,0.0,1.0,0.0,0.0,6.0,6.0,25.0,MLB_BATTING_RESULTS.csv,,,,,,,,,,
2026-07-10,JUSTIN FOSCUE,HITTER,HOU,2.0,2.0,0.0,0.0,0.0,0.0,0,0.0,2.0,0.0,0.0,0.0,0.0,0.0,0.0,0.0,MLB_BATTING_RESULTS.csv,,,,,,,,,,
2026-07-10,KAHLIL WATSON,HITTER,MIA,3.0,3.0,0.0,0.0,0.0,0.0,0,0.0,1.0,0.0,0.0,0.0,0.0,0.0,0.0,0.0,MLB_BATTING_RESULTS.csv,,,,,,,,,,
2026-07-10,KAZUMA OKAMOTO,HITTER,SD,4.0,3.0,1.0,1.0,3.0,1.0,1,0.0,2.0,0.0,0.0,0.0,0.0,4.0,5.0,20.0,MLB_BATTING_RESULTS.csv,,,,,,,,,,
2026-07-10,KE'BRYAN HAYES,HITTER,CHC,4.0,4.0,0.0,0.0,0.0,0.0,0,0.0,2.0,0.0,0.0,0.0,0.0,0.0,0.0,0.0,MLB_BATTING_RESULTS.csv,,,,,,,,,,
2026-07-10,KEIBERT RUIZ,HITTER,NYY,4.0,4.0,1.0,1.0,1.0,1.0,0,0.0,1.0,0.0,0.0,0.0,0.0,4.0,3.0,14.0,MLB_BATTING_RESULTS.csv,,,,,,,,,,
2026-07-10,KERRY CARPENTER,HITTER,PHI,2.0,2.0,0.0,0.0,0.0,0.0,0,0.0,2.0,0.0,0.0,0.0,0.0,0.0,0.0,0.0,MLB_BATTING_RESULTS.csv,,,,,,,,,,
2026-07-10,KETEL MARTE,HITTER,LAD,5.0,5.0,1.0,1.0,0.0,0.0,0,0.0,2.0,0.0,0.0,0.0,1.0,1.0,2.0,5.0,MLB_BATTING_RESULTS.csv,,,,,,,,,,
2026-07-10,KEVIN MCGONIGLE,HITTER,PHI,5.0,5.0,1.0,1.0,2.0,1.0,0,0.0,1.0,0.0,0.0,0.0,0.0,4.0,4.0,16.0,MLB_BATTING_RESULTS.csv,,,,,,,,,,
2026-07-10,KODY CLEMENS,HITTER,LAA,5.0,4.0,0.0,0.0,1.0,0.0,0,0.0,0.0,0.0,0.0,0.0,0.0,0.0,1.0,2.0,MLB_BATTING_RESULTS.csv,,,,,,,,,,
2026-07-10,KYLE HIGASHIOKA,HITTER,HOU,4.0,4.0,0.0,0.0,0.0,0.0,0,0.0,2.0,0.0,0.0,0.0,0.0,0.0,0.0,0.0,MLB_BATTING_RESULTS.csv,,,,,,,,,,
2026-07-10,KYLE KARROS,HITTER,SF,5.0,5.0,3.0,0.0,2.0,0.0,0,0.0,0.0,0.0,0.0,0.0,3.0,3.0,5.0,13.0,MLB_BATTING_RESULTS.csv,,,,,,,,,,
2026-07-10,KYLE MANZARDO,HITTER,MIA,4.0,4.0,0.0,0.0,0.0,0.0,0,0.0,0.0,0.0,0.0,0.0,0.0,0.0,0.0,0.0,MLB_BATTING_RESULTS.csv,,,,,,,,,,
2026-07-10,KYLE SCHWARBER,HITTER,DET,4.0,3.0,0.0,0.0,0.0,0.0,1,0.0,0.0,0.0,0.0,0.0,0.0,0.0,0.0,2.0,MLB_BATTING_RESULTS.csv,,,,,,,,,,
2026-07-10,KYLE STOWERS,HITTER,CLE,4.0,4.0,0.0,0.0,0.0,0.0,0,0.0,1.0,0.0,0.0,0.0,0.0,0.0,0.0,0.0,MLB_BATTING_RESULTS.csv,,,,,,,,,,
2026-07-10,KYLE TEEL,HITTER,ATH,4.0,2.0,0.0,2.0,0.0,0.0,2,0.0,1.0,0.0,0.0,0.0,0.0,0.0,2.0,8.0,MLB_BATTING_RESULTS.csv,,,,,,,,,,
2026-07-10,KYLE TUCKER,HITTER,AZ,3.0,3.0,1.0,0.0,0.0,0.0,0,0.0,2.0,0.0,1.0,0.0,0.0,2.0,1.0,5.0,MLB_BATTING_RESULTS.csv,,,,,,,,,,
2026-07-10,LAMONTE WADE JR.,HITTER,TEX,3.0,3.0,2.0,1.0,0.0,0.0,0,0.0,0.0,0.0,0.0,0.0,2.0,2.0,3.0,8.0,MLB_BATTING_RESULTS.csv,,,,,,,,,,
2026-07-10,LANE THOMAS,HITTER,BAL,4.0,4.0,0.0,0.0,0.0,0.0,0,0.0,2.0,0.0,0.0,0.0,0.0,0.0,0.0,0.0,MLB_BATTING_RESULTS.csv,,,,,,,,,,
2026-07-10,LARS NOOTBAAR,HITTER,ATL,1.0,1.0,0.0,0.0,0.0,0.0,0,0.0,0.0,0.0,0.0,0.0,0.0,0.0,0.0,0.0,MLB_BATTING_RESULTS.csv,,,,,,,,,,
2026-07-10,LAWRENCE BUTLER,HITTER,CWS,4.0,4.0,1.0,0.0,0.0,0.0,0,0.0,1.0,0.0,0.0,0.0,1.0,1.0,1.0,3.0,MLB_BATTING_RESULTS.csv,,,,,,,,,,
2026-07-10,LEO JIMÉNEZ,HITTER,CLE,3.0,3.0,1.0,1.0,1.0,1.0,0,0.0,0.0,0.0,0.0,0.0,0.0,4.0,3.0,14.0,MLB_BATTING_RESULTS.csv,,,,,,,,,,
2026-07-10,LIAM HICKS,HITTER,CLE,1.0,1.0,0.0,0.0,0.0,0.0,0,0.0,0.0,0.0,0.0,0.0,0.0,0.0,0.0,0.0,MLB_BATTING_RESULTS.csv,,,,,,,,,,
2026-07-10,LOURDES GURRIEL JR.,HITTER,LAD,5.0,5.0,0.0,0.0,0.0,0.0,0,0.0,1.0,0.0,0.0,0.0,0.0,0.0,0.0,0.0,MLB_BATTING_RESULTS.csv,,,,,,,,,,
2026-07-10,LUIS ARRAEZ,HITTER,COL,5.0,4.0,3.0,1.0,0.0,0.0,1,0.0,0.0,1.0,0.0,0.0,3.0,3.0,4.0,18.0,MLB_BATTING_RESULTS.csv,,,,,,,,,,
2026-07-10,LUIS CAMPUSANO,HITTER,TOR,2.0,2.0,1.0,1.0,0.0,0.0,0,0.0,0.0,0.0,0.0,0.0,1.0,1.0,2.0,5.0,MLB_BATTING_RESULTS.csv,,,,,,,,,,
2026-07-10,LUIS GARCÍA JR.,HITTER,NYY,4.0,4.0,0.0,0.0,0.0,0.0,0,0.0,1.0,0.0,0.0,0.0,0.0,0.0,0.0,0.0,MLB_BATTING_RESULTS.csv,,,,,,,,,,
2026-07-10,LUIS LARA,HITTER,PIT,4.0,3.0,1.0,1.0,0.0,0.0,1,0.0,0.0,0.0,1.0,0.0,0.0,2.0,2.0,9.0,MLB_BATTING_RESULTS.csv,,,,,,,,,,
2026-07-10,LUIS RENGIFO,HITTER,TOR,2.0,2.0,0.0,0.0,0.0,0.0,0,0.0,1.0,0.0,0.0,0.0,0.0,0.0,0.0,0.0,MLB_BATTING_RESULTS.csv,,,,,,,,,,
2026-07-10,LUIS URÍAS,HITTER,SD,4.0,4.0,0.0,0.0,0.0,0.0,0,0.0,0.0,0.0,0.0,0.0,0.0,0.0,0.0,0.0,MLB_BATTING_RESULTS.csv,,,,,,,,,,
2026-07-10,LUKE KEASCHALL,HITTER,LAA,4.0,3.0,0.0,0.0,0.0,0.0,0,1.0,1.0,0.0,0.0,0.0,0.0,0.0,0.0,2.0,MLB_BATTING_RESULTS.csv,,,,,,,,,,
2026-07-10,LUKE RALEY,HITTER,TB,3.0,3.0,0.0,0.0,0.0,0.0,0,0.0,1.0,0.0,0.0,0.0,0.0,0.0,0.0,0.0,MLB_BATTING_RESULTS.csv,,,,,,,,,,
2026-07-10,MANNY MACHADO,HITTER,TOR,4.0,4.0,2.0,0.0,0.0,0.0,0,0.0,1.0,0.0,0.0,0.0,2.0,2.0,2.0,6.0,MLB_BATTING_RESULTS.csv,,,,,,,,,,
2026-07-10,MASATAKA YOSHIDA,HITTER,NYM,5.0,4.0,2.0,0.0,2.0,0.0,1,0.0,0.0,0.0,2.0,0.0,0.0,4.0,4.0,16.0,MLB_BATTING_RESULTS.csv,,,,,,,,,,
2026-07-10,MASYN WINN,HITTER,ATL,3.0,2.0,0.0,0.0,0.0,0.0,1,0.0,1.0,0.0,0.0,0.0,0.0,0.0,0.0,2.0,MLB_BATTING_RESULTS.csv,,,,,,,,,,
2026-07-10,MATT OLSON,HITTER,STL,4.0,3.0,0.0,0.0,0.0,0.0,0,1.0,1.0,0.0,0.0,0.0,0.0,0.0,0.0,2.0,MLB_BATTING_RESULTS.csv,,,,,,,,,,
2026-07-10,MATT VIERLING,HITTER,PHI,2.0,1.0,0.0,1.0,0.0,0.0,1,0.0,0.0,0.0,0.0,0.0,0.0,0.0,1.0,4.0,MLB_BATTING_RESULTS.csv,,,,,,,,,,
2026-07-10,MAURICIO DUBÓN,HITTER,STL,4.0,4.0,0.0,0.0,0.0,0.0,0,0.0,1.0,0.0,0.0,0.0,0.0,0.0,0.0,0.0,MLB_BATTING_RESULTS.csv,,,,,,,,,,
2026-07-10,MICHAEL BUSCH,HITTER,CIN,4.0,4.0,0.0,0.0,0.0,0.0,0,0.0,2.0,0.0,0.0,0.0,0.0,0.0,0.0,0.0,MLB_BATTING_RESULTS.csv,,,,,,,,,,
2026-07-10,MICHAEL CONFORTO,HITTER,CIN,3.0,3.0,0.0,0.0,0.0,0.0,0,0.0,3.0,0.0,0.0,0.0,0.0,0.0,0.0,0.0,MLB_BATTING_RESULTS.csv,,,,,,,,,,
2026-07-10,MICHAEL HARRIS II,HITTER,STL,4.0,4.0,0.0,0.0,0.0,0.0,0,0.0,1.0,0.0,0.0,0.0,0.0,0.0,0.0,0.0,MLB_BATTING_RESULTS.csv,,,,,,,,,,
2026-07-10,MICHAEL MASSEY,HITTER,BAL,4.0,3.0,1.0,1.0,0.0,0.0,1,0.0,1.0,0.0,1.0,0.0,0.0,2.0,2.0,9.0,MLB_BATTING_RESULTS.csv,,,,,,,,,,
2026-07-10,MICKEY MONIAK,HITTER,SF,4.0,4.0,1.0,1.0,0.0,0.0,0,0.0,0.0,0.0,0.0,0.0,1.0,1.0,2.0,5.0,MLB_BATTING_RESULTS.csv,,,,,,,,,,
2026-07-10,MIGUEL ANDUJAR,HITTER,TOR,3.0,2.0,0.0,0.0,0.0,0.0,1,0.0,0.0,0.0,0.0,0.0,0.0,0.0,0.0,2.0,MLB_BATTING_RESULTS.csv,,,,,,,,,,
2026-07-10,MIGUEL ROJAS,HITTER,AZ,4.0,4.0,2.0,0.0,1.0,0.0,0,0.0,0.0,0.0,1.0,0.0,1.0,3.0,3.0,10.0,MLB_BATTING_RESULTS.csv,,,,,,,,,,
2026-07-10,MIGUEL VARGAS,HITTER,ATH,5.0,4.0,3.0,2.0,3.0,1.0,0,0.0,0.0,0.0,2.0,0.0,0.0,8.0,8.0,30.0,MLB_BATTING_RESULTS.csv,,,,,,,,,,
2026-07-10,MIKE YASTRZEMSKI,HITTER,STL,3.0,3.0,1.0,1.0,0.0,0.0,0,0.0,1.0,0.0,1.0,0.0,0.0,2.0,2.0,7.0,MLB_BATTING_RESULTS.csv,,,,,,,,,,
2026-07-10,MILES MASTROBUONI,HITTER,TB,2.0,2.0,0.0,0.0,0.0,0.0,0,0.0,0.0,0.0,0.0,0.0,0.0,0.0,0.0,0.0,MLB_BATTING_RESULTS.csv,,,,,,,,,,
2026-07-10,MOOKIE BETTS,HITTER,AZ,3.0,3.0,1.0,0.0,0.0,0.0,0,0.0,0.0,0.0,0.0,0.0,1.0,1.0,1.0,3.0,MLB_BATTING_RESULTS.csv,,,,,,,,,,
2026-07-10,MUNETAKA MURAKAMI,HITTER,ATH,5.0,5.0,1.0,1.0,1.0,0.0,0,0.0,4.0,0.0,1.0,0.0,0.0,2.0,3.0,9.0,MLB_BATTING_RESULTS.csv,,,,,,,,,,
2026-07-10,MYLES STRAW,HITTER,SD,4.0,4.0,2.0,1.0,0.0,0.0,0,0.0,0.0,0.0,0.0,0.0,2.0,2.0,3.0,8.0,MLB_BATTING_RESULTS.csv,,,,,,,,,,
2026-07-10,NASIM NUÑEZ,HITTER,NYY,2.0,2.0,0.0,0.0,0.0,0.0,0,0.0,0.0,0.0,0.0,0.0,0.0,0.0,0.0,0.0,MLB_BATTING_RESULTS.csv,,,,,,,,,,
2026-07-10,NATHAN LUKES,HITTER,SD,1.0,1.0,0.0,0.0,0.0,0.0,0,0.0,0.0,0.0,0.0,0.0,0.0,0.0,0.0,0.0,MLB_BATTING_RESULTS.csv,,,,,,,,,,
2026-07-10,NELSON VELÁZQUEZ,HITTER,ATL,2.0,2.0,0.0,0.0,0.0,0.0,0,0.0,2.0,0.0,0.0,0.0,0.0,0.0,0.0,0.0,MLB_BATTING_RESULTS.csv,,,,,,,,,,
2026-07-10,NICK GONZALES,HITTER,MIL,4.0,3.0,1.0,0.0,0.0,0.0,1,0.0,1.0,0.0,0.0,0.0,1.0,1.0,1.0,5.0,MLB_BATTING_RESULTS.csv,,,,,,,,,,
2026-07-10,NICK LOFTIN,HITTER,BAL,3.0,3.0,0.0,0.0,0.0,0.0,0,0.0,0.0,0.0,0.0,0.0,0.0,0.0,0.0,0.0,MLB_BATTING_RESULTS.csv,,,,,,,,,,
2026-07-10,NICKY LOPEZ,HITTER,HOU,2.0,1.0,1.0,0.0,0.0,0.0,1,0.0,0.0,0.0,1.0,0.0,0.0,2.0,1.0,7.0,MLB_BATTING_RESULTS.csv,,,,,,,,,,
2026-07-10,NICO HOERNER,HITTER,CIN,3.0,3.0,0.0,0.0,0.0,0.0,0,0.0,1.0,0.0,0.0,0.0,0.0,0.0,0.0,0.0,MLB_BATTING_RESULTS.csv,,,,,,,,,,
2026-07-10,NOELVI MARTE,HITTER,CHC,3.0,3.0,0.0,0.0,0.0,0.0,0,0.0,0.0,0.0,0.0,0.0,0.0,0.0,0.0,0.0,MLB_BATTING_RESULTS.csv,,,,,,,,,,
2026-07-10,NOLAN ARENADO,HITTER,LAD,5.0,2.0,0.0,2.0,0.0,0.0,3,0.0,2.0,0.0,0.0,0.0,0.0,0.0,2.0,10.0,MLB_BATTING_RESULTS.csv,,,,,,,,,,
2026-07-10,NOLAN SCHANUEL,HITTER,MIN,4.0,4.0,1.0,0.0,1.0,0.0,0,0.0,1.0,0.0,0.0,0.0,1.0,1.0,2.0,5.0,MLB_BATTING_RESULTS.csv,,,,,,,,,,
2026-07-10,OSWALD PERAZA,HITTER,MIN,4.0,4.0,1.0,0.0,0.0,0.0,0,0.0,2.0,0.0,0.0,0.0,1.0,1.0,1.0,3.0,MLB_BATTING_RESULTS.csv,,,,,,,,,,
2026-07-10,OTTO LOPEZ,HITTER,CLE,4.0,4.0,0.0,0.0,0.0,0.0,0,0.0,1.0,0.0,0.0,0.0,0.0,0.0,0.0,0.0,MLB_BATTING_RESULTS.csv,,,,,,,,,,
2026-07-10,OZZIE ALBIES,HITTER,STL,4.0,4.0,0.0,0.0,0.0,0.0,0,0.0,2.0,0.0,0.0,0.0,0.0,0.0,0.0,0.0,MLB_BATTING_RESULTS.csv,,,,,,,,,,
2026-07-10,PAUL GOLDSCHMIDT,HITTER,WSH,5.0,5.0,2.0,0.0,0.0,0.0,0,0.0,1.0,0.0,0.0,0.0,2.0,2.0,2.0,6.0,MLB_BATTING_RESULTS.csv,,,,,,,,,,
2026-07-10,PEDRO PAGÉS,HITTER,ATL,1.0,1.0,0.0,0.0,0.0,0.0,0,0.0,1.0,0.0,0.0,0.0,0.0,0.0,0.0,0.0,MLB_BATTING_RESULTS.csv,,,,,,,,,,
2026-07-10,PETE ALONSO,HITTER,KC,4.0,3.0,1.0,1.0,0.0,0.0,1,0.0,2.0,0.0,0.0,0.0,1.0,1.0,2.0,7.0,MLB_BATTING_RESULTS.csv,,,,,,,,,,
2026-07-10,PETE CROW-ARMSTRONG,HITTER,CIN,4.0,4.0,0.0,0.0,0.0,0.0,0,0.0,3.0,0.0,0.0,0.0,0.0,0.0,0.0,0.0,MLB_BATTING_RESULTS.csv,,,,,,,,,,
2026-07-10,RAFAEL DEVERS,HITTER,COL,5.0,3.0,3.0,1.0,3.0,1.0,1,0.0,0.0,0.0,0.0,0.0,2.0,6.0,7.0,26.0,MLB_BATTING_RESULTS.csv,,,,,,,,,,
2026-07-10,RAFAEL MARCHÁN,HITTER,DET,4.0,4.0,0.0,0.0,0.0,0.0,0,0.0,0.0,0.0,0.0,0.0,0.0,0.0,0.0,0.0,MLB_BATTING_RESULTS.csv,,,,,,,,,,
2026-07-10,RANDY AROZARENA,HITTER,TB,4.0,4.0,1.0,0.0,0.0,0.0,0,0.0,1.0,0.0,0.0,0.0,1.0,1.0,1.0,3.0,MLB_BATTING_RESULTS.csv,,,,,,,,,,
2026-07-10,RHYS HOSKINS,HITTER,MIA,4.0,4.0,0.0,0.0,0.0,0.0,0,0.0,2.0,0.0,0.0,0.0,0.0,0.0,0.0,0.0,MLB_BATTING_RESULTS.csv,,,,,,,,,,
2026-07-10,RICHIE PALACIOS,HITTER,SEA,4.0,4.0,1.0,1.0,1.0,1.0,0,0.0,0.0,0.0,0.0,0.0,0.0,4.0,3.0,14.0,MLB_BATTING_RESULTS.csv,,,,,,,,,,
2026-07-10,RILEY GREENE,HITTER,PHI,4.0,1.0,1.0,2.0,0.0,0.0,3,0.0,0.0,0.0,1.0,0.0,0.0,2.0,3.0,15.0,MLB_BATTING_RESULTS.csv,,,,,,,,,,
2026-07-10,RODOLFO DURÁN,HITTER,TOR,2.0,2.0,2.0,0.0,0.0,0.0,0,0.0,0.0,0.0,0.0,0.0,2.0,2.0,2.0,6.0,MLB_BATTING_RESULTS.csv,,,,,,,,,,
2026-07-10,ROMY GONZALEZ,HITTER,NYM,5.0,5.0,0.0,0.0,0.0,0.0,0,0.0,4.0,0.0,0.0,0.0,0.0,0.0,0.0,0.0,MLB_BATTING_RESULTS.csv,,,,,,,,,,
2026-07-10,ROYCE LEWIS,HITTER,LAA,4.0,4.0,1.0,1.0,0.0,0.0,0,0.0,1.0,0.0,0.0,0.0,1.0,1.0,2.0,5.0,MLB_BATTING_RESULTS.csv,,,,,,,,,,
2026-07-10,RYAN JEFFERS,HITTER,LAA,5.0,4.0,1.0,0.0,0.0,0.0,1,0.0,0.0,0.0,1.0,0.0,0.0,2.0,1.0,7.0,MLB_BATTING_RESULTS.csv,,,,,,,,,,
2026-07-10,RYAN KREIDLER,HITTER,LAA,1.0,1.0,0.0,0.0,0.0,0.0,0,0.0,1.0,0.0,0.0,0.0,0.0,0.0,0.0,0.0,MLB_BATTING_RESULTS.csv,,,,,,,,,,
2026-07-10,RYAN MCMAHON,HITTER,WSH,1.0,1.0,0.0,0.0,0.0,0.0,0,0.0,1.0,0.0,0.0,0.0,0.0,0.0,0.0,0.0,MLB_BATTING_RESULTS.csv,,,,,,,,,,
2026-07-10,RYAN O'HEARN,HITTER,MIL,4.0,3.0,0.0,0.0,0.0,0.0,0,1.0,3.0,0.0,0.0,0.0,0.0,0.0,0.0,2.0,MLB_BATTING_RESULTS.csv,,,,,,,,,,
2026-07-10,RYAN WALDSCHMIDT,HITTER,LAD,2.0,2.0,0.0,0.0,0.0,0.0,0,0.0,2.0,0.0,0.0,0.0,0.0,0.0,0.0,0.0,MLB_BATTING_RESULTS.csv,,,,,,,,,,
2026-07-10,SAL FRELICK,HITTER,PIT,4.0,4.0,1.0,1.0,2.0,1.0,0,0.0,1.0,0.0,0.0,0.0,0.0,4.0,4.0,16.0,MLB_BATTING_RESULTS.csv,,,,,,,,,,
2026-07-10,SAL STEWART,HITTER,CHC,4.0,3.0,2.0,0.0,1.0,0.0,0,0.0,0.0,0.0,0.0,0.0,2.0,2.0,3.0,8.0,MLB_BATTING_RESULTS.csv,,,,,,,,,,
2026-07-10,SALVADOR PEREZ,HITTER,BAL,4.0,4.0,1.0,0.0,0.0,0.0,0,0.0,0.0,0.0,0.0,0.0,1.0,1.0,1.0,3.0,MLB_BATTING_RESULTS.csv,,,,,,,,,,
2026-07-10,SAM ANTONACCI,HITTER,ATH,5.0,4.0,1.0,1.0,1.0,0.0,1,0.0,0.0,1.0,0.0,0.0,1.0,1.0,3.0,14.0,MLB_BATTING_RESULTS.csv,,,,,,,,,,
2026-07-10,SAMUEL BASALLO,HITTER,KC,4.0,4.0,1.0,1.0,2.0,1.0,0,0.0,0.0,0.0,0.0,0.0,0.0,4.0,4.0,16.0,MLB_BATTING_RESULTS.csv,,,,,,,,,,
2026-07-10,SEIYA SUZUKI,HITTER,CIN,4.0,4.0,2.0,0.0,0.0,0.0,0,0.0,2.0,0.0,1.0,0.0,1.0,3.0,2.0,8.0,MLB_BATTING_RESULTS.csv,,,,,,,,,,
2026-07-10,SHEA LANGELIERS,HITTER,CWS,3.0,3.0,0.0,0.0,0.0,0.0,0,0.0,3.0,0.0,0.0,0.0,0.0,0.0,0.0,0.0,MLB_BATTING_RESULTS.csv,,,,,,,,,,
2026-07-10,SHOHEI OHTANI,HITTER,AZ,4.0,4.0,1.0,1.0,1.0,1.0,0,0.0,2.0,0.0,0.0,0.0,0.0,4.0,3.0,14.0,MLB_BATTING_RESULTS.csv,,,,,,,,,,
2026-07-10,SPENCER STEER,HITTER,CHC,4.0,4.0,3.0,1.0,0.0,0.0,0,0.0,0.0,0.0,0.0,0.0,3.0,3.0,4.0,11.0,MLB_BATTING_RESULTS.csv,,,,,,,,,,
2026-07-10,SPENCER TORKELSON,HITTER,PHI,4.0,4.0,1.0,1.0,2.0,1.0,0,0.0,1.0,0.0,0.0,0.0,0.0,4.0,4.0,16.0,MLB_BATTING_RESULTS.csv,,,,,,,,,,
2026-07-10,STEVEN KWAN,HITTER,MIA,3.0,3.0,1.0,0.0,0.0,0.0,0,0.0,0.0,0.0,0.0,0.0,1.0,1.0,1.0,3.0,MLB_BATTING_RESULTS.csv,,,,,,,,,,
2026-07-10,TAYLOR WALLS,HITTER,SEA,4.0,3.0,0.0,0.0,1.0,0.0,0,0.0,2.0,0.0,0.0,0.0,0.0,0.0,1.0,2.0,MLB_BATTING_RESULTS.csv,,,,,,,,,,
2026-07-10,TAYLOR WARD,HITTER,KC,4.0,3.0,1.0,0.0,0.0,0.0,1,0.0,0.0,0.0,0.0,0.0,1.0,1.0,1.0,5.0,MLB_BATTING_RESULTS.csv,,,,,,,,,,
2026-07-10,TEOSCAR HERNÁNDEZ,HITTER,AZ,4.0,4.0,0.0,0.0,0.0,0.0,0,0.0,0.0,0.0,0.0,0.0,0.0,0.0,0.0,0.0,MLB_BATTING_RESULTS.csv,,,,,,,,,,
2026-07-10,TIM TAWA,HITTER,LAD,4.0,4.0,3.0,1.0,4.0,1.0,0,0.0,0.0,1.0,0.0,0.0,2.0,6.0,8.0,31.0,MLB_BATTING_RESULTS.csv,,,,,,,,,,
2026-07-10,TJ FRIEDL,HITTER,CHC,1.0,1.0,0.0,0.0,0.0,0.0,0,0.0,1.0,0.0,0.0,0.0,0.0,0.0,0.0,0.0,MLB_BATTING_RESULTS.csv,,,,,,,,,,
2026-07-10,TJ RUMFIELD,HITTER,SF,4.0,2.0,2.0,0.0,0.0,0.0,2,0.0,0.0,0.0,0.0,0.0,2.0,2.0,2.0,10.0,MLB_BATTING_RESULTS.csv,,,,,,,,,,
2026-07-10,TOMMY EDMAN,HITTER,AZ,4.0,3.0,1.0,1.0,0.0,0.0,1,0.0,1.0,0.0,0.0,0.0,1.0,1.0,2.0,7.0,MLB_BATTING_RESULTS.csv,,,,,,,,,,
2026-07-10,TRAVIS BAZZANA,HITTER,MIA,4.0,3.0,0.0,0.0,1.0,0.0,0,0.0,2.0,0.0,0.0,0.0,0.0,0.0,1.0,2.0,MLB_BATTING_RESULTS.csv,,,,,,,,,,
2026-07-10,TREA TURNER,HITTER,DET,4.0,4.0,0.0,0.0,0.0,0.0,0,0.0,0.0,0.0,0.0,0.0,0.0,0.0,0.0,0.0,MLB_BATTING_RESULTS.csv,,,,,,,,,,
2026-07-10,TRENT GRISHAM,HITTER,WSH,5.0,4.0,1.0,0.0,0.0,0.0,1,0.0,1.0,0.0,0.0,0.0,1.0,1.0,1.0,5.0,MLB_BATTING_RESULTS.csv,,,,,,,,,,
2026-07-10,TREVOR LARNACH,HITTER,LAA,5.0,4.0,2.0,1.0,0.0,0.0,1,0.0,0.0,0.0,2.0,0.0,0.0,4.0,3.0,14.0,MLB_BATTING_RESULTS.csv,,,,,,,,,,
2026-07-10,TRISTAN GRAY,HITTER,LAA,2.0,2.0,1.0,0.0,0.0,0.0,0,0.0,0.0,0.0,0.0,0.0,1.0,1.0,1.0,3.0,MLB_BATTING_RESULTS.csv,,,,,,,,,,
2026-07-10,TRISTAN PETERS,HITTER,ATH,4.0,4.0,4.0,2.0,4.0,1.0,0,0.0,0.0,0.0,1.0,1.0,1.0,10.0,10.0,38.0,MLB_BATTING_RESULTS.csv,,,,,,,,,,
2026-07-10,TROY JOHNSTON,HITTER,SF,1.0,0.0,0.0,1.0,0.0,0.0,1,0.0,0.0,0.0,0.0,0.0,0.0,0.0,1.0,4.0,MLB_BATTING_RESULTS.csv,,,,,,,,,,
2026-07-10,TSUNG-CHE CHENG,HITTER,NYM,4.0,4.0,2.0,1.0,0.0,0.0,0,0.0,2.0,0.0,0.0,0.0,2.0,2.0,3.0,8.0,MLB_BATTING_RESULTS.csv,,,,,,,,,,
2026-07-10,TY FRANCE,HITTER,TOR,4.0,4.0,2.0,0.0,0.0,0.0,0,0.0,0.0,0.0,1.0,0.0,1.0,3.0,2.0,8.0,MLB_BATTING_RESULTS.csv,,,,,,,,,,
2026-07-10,TYLER CALLIHAN,HITTER,MIL,4.0,4.0,0.0,0.0,0.0,0.0,0,0.0,0.0,0.0,0.0,0.0,0.0,0.0,0.0,0.0,MLB_BATTING_RESULTS.csv,,,,,,,,,,
2026-07-10,TYLER FREEMAN,HITTER,SF,5.0,5.0,0.0,0.0,0.0,0.0,0,0.0,1.0,0.0,0.0,0.0,0.0,0.0,0.0,0.0,MLB_BATTING_RESULTS.csv,,,,,,,,,,
2026-07-10,TYLER HEINEMAN,HITTER,MIN,4.0,4.0,2.0,1.0,0.0,0.0,0,0.0,0.0,0.0,0.0,0.0,2.0,2.0,3.0,8.0,MLB_BATTING_RESULTS.csv,,,,,,,,,,
2026-07-10,TYLER O'NEILL,HITTER,KC,1.0,1.0,0.0,0.0,0.0,0.0,0,0.0,0.0,0.0,0.0,0.0,0.0,0.0,0.0,0.0,MLB_BATTING_RESULTS.csv,,,,,,,,,,
2026-07-10,TYLER SODERSTROM,HITTER,CWS,3.0,3.0,1.0,1.0,1.0,1.0,0,0.0,2.0,0.0,0.0,0.0,0.0,4.0,3.0,14.0,MLB_BATTING_RESULTS.csv,,,,,,,,,,
2026-07-10,TYLER STEPHENSON,HITTER,CHC,4.0,4.0,2.0,0.0,0.0,0.0,0,0.0,0.0,0.0,0.0,0.0,2.0,2.0,2.0,6.0,MLB_BATTING_RESULTS.csv,,,,,,,,,,
2026-07-10,TYRONE TAYLOR,HITTER,BOS,2.0,2.0,0.0,0.0,0.0,0.0,0,0.0,0.0,0.0,0.0,0.0,0.0,0.0,0.0,0.0,MLB_BATTING_RESULTS.csv,,,,,,,,,,
2026-07-10,VAUGHN GRISSOM,HITTER,MIN,4.0,3.0,2.0,1.0,2.0,1.0,0,0.0,1.0,0.0,0.0,0.0,1.0,5.0,5.0,19.0,MLB_BATTING_RESULTS.csv,,,,,,,,,,
2026-07-10,VICTOR CARATINI,HITTER,LAA,1.0,1.0,0.0,0.0,0.0,0.0,0,0.0,0.0,0.0,0.0,0.0,0.0,0.0,0.0,0.0,MLB_BATTING_RESULTS.csv,,,,,,,,,,
2026-07-10,VICTOR MESA JR.,HITTER,SEA,4.0,4.0,3.0,1.0,1.0,1.0,0,0.0,0.0,1.0,0.0,0.0,2.0,6.0,5.0,25.0,MLB_BATTING_RESULTS.csv,,,,,,,,,,
2026-07-10,VICTOR ROBLES,HITTER,TB,1.0,1.0,0.0,0.0,0.0,0.0,0,0.0,0.0,0.0,0.0,0.0,0.0,0.0,0.0,0.0,MLB_BATTING_RESULTS.csv,,,,,,,,,,
2026-07-10,VLADIMIR GUERRERO JR.,HITTER,SD,4.0,3.0,1.0,2.0,1.0,0.0,1,0.0,1.0,0.0,0.0,0.0,1.0,1.0,4.0,11.0,MLB_BATTING_RESULTS.csv,,,,,,,,,,
2026-07-10,WADE MECKLER,HITTER,MIN,4.0,4.0,2.0,1.0,0.0,0.0,0,0.0,0.0,0.0,0.0,0.0,2.0,2.0,3.0,8.0,MLB_BATTING_RESULTS.csv,,,,,,,,,,
2026-07-10,WILLI CASTRO,HITTER,SF,4.0,4.0,0.0,0.0,0.0,0.0,0,0.0,3.0,0.0,0.0,0.0,0.0,0.0,0.0,0.0,MLB_BATTING_RESULTS.csv,,,,,,,,,,
2026-07-10,WILLIAM CONTRERAS,HITTER,PIT,5.0,5.0,2.0,1.0,1.0,0.0,0,0.0,1.0,0.0,1.0,0.0,1.0,3.0,4.0,12.0,MLB_BATTING_RESULTS.csv,,,,,,,,,,
2026-07-10,WILLY ADAMES,HITTER,COL,5.0,4.0,0.0,0.0,0.0,0.0,1,0.0,0.0,0.0,0.0,0.0,0.0,0.0,0.0,2.0,MLB_BATTING_RESULTS.csv,,,,,,,,,,
2026-07-10,WILYER ABREU,HITTER,NYM,5.0,4.0,3.0,2.0,2.0,1.0,1,0.0,1.0,0.0,1.0,0.0,1.0,7.0,7.0,28.0,MLB_BATTING_RESULTS.csv,,,,,,,,,,
2026-07-10,WYATT LANGFORD,HITTER,HOU,4.0,3.0,1.0,2.0,1.0,1.0,1,0.0,1.0,0.0,0.0,0.0,0.0,4.0,4.0,18.0,MLB_BATTING_RESULTS.csv,,,,,,,,,,
2026-07-10,XANDER BOGAERTS,HITTER,TOR,5.0,5.0,1.0,1.0,2.0,1.0,0,0.0,1.0,0.0,0.0,0.0,0.0,4.0,4.0,16.0,MLB_BATTING_RESULTS.csv,,,,,,,,,,
2026-07-10,XAVIER EDWARDS,HITTER,CLE,4.0,4.0,1.0,0.0,0.0,0.0,0,0.0,0.0,0.0,0.0,0.0,1.0,1.0,1.0,3.0,MLB_BATTING_RESULTS.csv,,,,,,,,,,
2026-07-10,YAINER DIAZ,HITTER,TEX,3.0,3.0,1.0,1.0,2.0,1.0,0,0.0,0.0,0.0,0.0,0.0,0.0,4.0,4.0,16.0,MLB_BATTING_RESULTS.csv,,,,,,,,,,
2026-07-10,YANDY DÍAZ,HITTER,SEA,5.0,5.0,0.0,0.0,0.0,0.0,0,0.0,1.0,0.0,0.0,0.0,0.0,0.0,0.0,0.0,MLB_BATTING_RESULTS.csv,,,,,,,,,,
2026-07-10,YORDAN ALVAREZ,HITTER,TEX,4.0,4.0,2.0,1.0,1.0,1.0,0,0.0,0.0,0.0,0.0,0.0,1.0,5.0,4.0,17.0,MLB_BATTING_RESULTS.csv,,,,,,,,,,
2026-07-10,ZACH DEZENZO,HITTER,TEX,1.0,1.0,0.0,0.0,0.0,0.0,0,0.0,1.0,0.0,0.0,0.0,0.0,0.0,0.0,0.0,MLB_BATTING_RESULTS.csv,,,,,,,,,,
2026-07-10,ZACH MCKINSTRY,HITTER,PHI,4.0,3.0,0.0,1.0,1.0,0.0,0,0.0,1.0,0.0,0.0,0.0,0.0,0.0,2.0,4.0,MLB_BATTING_RESULTS.csv,,,,,,,,,,
2026-07-10,ZACH NETO,HITTER,MIN,4.0,3.0,1.0,0.0,0.0,0.0,1,0.0,1.0,0.0,0.0,0.0,1.0,1.0,1.0,5.0,MLB_BATTING_RESULTS.csv,,,,,,,,,,
2026-07-10,ZACK SHORT,HITTER,BOS,2.0,1.0,0.0,0.0,0.0,0.0,1,0.0,1.0,0.0,0.0,0.0,0.0,0.0,0.0,2.0,MLB_BATTING_RESULTS.csv,,,,,,,,,,
2026-07-10,A.J. MINTER,PITCHER,BOS,,,,,,,0,,,,,,,,,,MLB_PITCHING_RESULTS.csv,1.0,3.0,1.0,2.0,4.0,1.0,0.0,0.0,0.0,0.0
2026-07-10,AARON ASHBY,PITCHER,PIT,,,,,,,0,,,,,,,,,,MLB_PITCHING_RESULTS.csv,1.0,3.0,3.0,3.0,3.0,1.0,0.0,0.0,0.0,3.0
2026-07-10,AARON CIVALE,PITCHER,CWS,,,,,,,1,,,,,,,,,,MLB_PITCHING_RESULTS.csv,2.1,7.0,4.0,4.0,6.0,0.0,0.0,0.0,0.0,7.0
2026-07-10,AARON NOLA,PITCHER,DET,,,,,,,2,,,,,,,,,,MLB_PITCHING_RESULTS.csv,5.0,15.0,8.0,2.0,3.0,1.0,0.0,0.0,0.0,33.0
2026-07-10,ALEX VESIA,PITCHER,AZ,,,,,,,0,,,,,,,,,,MLB_PITCHING_RESULTS.csv,1.0,3.0,2.0,0.0,1.0,0.0,0.0,0.0,0.0,9.0
2026-07-10,ANDREW KITTREDGE,PITCHER,KC,,,,,,,0,,,,,,,,,,MLB_PITCHING_RESULTS.csv,1.0,3.0,1.0,0.0,1.0,0.0,0.0,0.0,0.0,6.0
2026-07-10,ANDREW MORRIS,PITCHER,LAA,,,,,,,0,,,,,,,,,,MLB_PITCHING_RESULTS.csv,2.0,6.0,2.0,0.0,1.0,0.0,0.0,0.0,0.0,12.0
2026-07-10,ANTONIO SENZATELA,PITCHER,SF,,,,,,,0,,,,,,,,,,MLB_PITCHING_RESULTS.csv,1.0,3.0,1.0,0.0,0.0,0.0,0.0,1.0,0.0,12.0
2026-07-10,BEAU BRIESKE,PITCHER,PHI,,,,,,,0,,,,,,,,,,MLB_PITCHING_RESULTS.csv,2.0,6.0,1.0,0.0,1.0,0.0,0.0,0.0,0.0,9.0
2026-07-10,BRANDON SPROAT,PITCHER,PIT,,,,,,,2,,,,,,,,,,MLB_PITCHING_RESULTS.csv,3.0,9.0,3.0,2.0,2.0,1.0,0.0,0.0,0.0,12.0
2026-07-10,BRANDON YOUNG,PITCHER,KC,,,,,,,1,,,,,,,,,,MLB_PITCHING_RESULTS.csv,7.0,21.0,5.0,3.0,8.0,2.0,0.0,0.0,1.0,31.0
2026-07-10,BRANDYN GARCIA,PITCHER,LAD,,,,,,,0,,,,,,,,,,MLB_PITCHING_RESULTS.csv,1.0,3.0,2.0,0.0,0.0,0.0,0.0,0.0,0.0,9.0
2026-07-10,BRAXTON ASHCRAFT,PITCHER,MIL,,,,,,,2,,,,,,,,,,MLB_PITCHING_RESULTS.csv,5.0,15.0,6.0,5.0,5.0,2.0,0.0,0.0,0.0,18.0
2026-07-10,BRENNAN BERNARDINO,PITCHER,SF,,,,,,,1,,,,,,,,,,MLB_PITCHING_RESULTS.csv,1.0,3.0,0.0,0.0,0.0,0.0,0.0,0.0,0.0,3.0
2026-07-10,BROCK BURKE,PITCHER,CHC,,,,,,,0,,,,,,,,,,MLB_PITCHING_RESULTS.csv,1.0,3.0,1.0,0.0,1.0,0.0,0.0,0.0,0.0,6.0
2026-07-10,BROCK STEWART,PITCHER,AZ,,,,,,,1,,,,,,,,,,MLB_PITCHING_RESULTS.csv,1.0,3.0,2.0,2.0,1.0,1.0,0.0,0.0,0.0,3.0
2026-07-10,BRYAN KING,PITCHER,TEX,,,,,,,1,,,,,,,,,,MLB_PITCHING_RESULTS.csv,1.0,3.0,1.0,4.0,4.0,2.0,0.0,0.0,0.0,-6.0
2026-07-10,BRYSE WILSON,PITCHER,PIT,,,,,,,0,,,,,,,,,,MLB_PITCHING_RESULTS.csv,1.0,3.0,0.0,0.0,0.0,0.0,0.0,0.0,0.0,3.0
2026-07-10,CADE SMITH,PITCHER,MIA,,,,,,,0,,,,,,,,,,MLB_PITCHING_RESULTS.csv,1.0,3.0,0.0,0.0,0.0,0.0,0.0,0.0,0.0,3.0
2026-07-10,CAL QUANTRILL,PITCHER,HOU,,,,,,,1,,,,,,,,,,MLB_PITCHING_RESULTS.csv,6.0,18.0,1.0,1.0,5.0,1.0,0.0,0.0,1.0,22.0
2026-07-10,CARLOS CORTES,PITCHER,CWS,,,,,,,0,,,,,,,,,,MLB_PITCHING_RESULTS.csv,1.0,3.0,1.0,1.0,3.0,1.0,0.0,0.0,0.0,3.0
2026-07-10,CARMEN MLODZINSKI,PITCHER,MIL,,,,,,,2,,,,,,,,,,MLB_PITCHING_RESULTS.csv,3.0,9.0,2.0,1.0,3.0,0.0,0.0,1.0,0.0,18.0
2026-07-10,CARSON PALMQUIST,PITCHER,NYY,,,,,,,0,,,,,,,,,,MLB_PITCHING_RESULTS.csv,3.0,9.0,4.0,1.0,3.0,1.0,0.0,0.0,0.0,18.0
2026-07-10,CHAD DALLAS,PITCHER,SD,,,,,,,0,,,,,,,,,,MLB_PITCHING_RESULTS.csv,1.0,3.0,1.0,0.0,1.0,0.0,0.0,0.0,0.0,6.0
2026-07-10,CHAD PATRICK,PITCHER,PIT,,,,,,,0,,,,,,,,,,MLB_PITCHING_RESULTS.csv,1.0,3.0,0.0,1.0,2.0,0.0,0.0,0.0,0.0,0.0
2026-07-10,CHRIS MARTIN,PITCHER,HOU,,,,,,,0,,,,,,,,,,MLB_PITCHING_RESULTS.csv,0.2,2.0,0.0,2.0,2.0,1.0,0.0,0.0,0.0,-4.0
2026-07-10,CHRIS SALE,PITCHER,STL,,,,,,,1,,,,,,,,,,MLB_PITCHING_RESULTS.csv,3.0,9.0,5.0,0.0,2.0,0.0,0.0,0.0,0.0,24.0
2026-07-10,CIONEL PÉREZ,PITCHER,BOS,,,,,,,3,,,,,,,,,,MLB_PITCHING_RESULTS.csv,0.2,2.0,1.0,2.0,2.0,1.0,0.0,0.0,0.0,-1.0
2026-07-10,CLAYTON BEETER,PITCHER,NYY,,,,,,,0,,,,,,,,,,MLB_PITCHING_RESULTS.csv,0.1,1.0,1.0,0.0,0.0,0.0,0.0,0.0,0.0,4.0
2026-07-10,COLE SULSER,PITCHER,SEA,,,,,,,0,,,,,,,,,,MLB_PITCHING_RESULTS.csv,0.2,2.0,1.0,0.0,0.0,0.0,0.0,0.0,0.0,5.0
2026-07-10,COLE WILCOX,PITCHER,TB,,,,,,,0,,,,,,,,,,MLB_PITCHING_RESULTS.csv,1.0,3.0,0.0,0.0,1.0,0.0,0.0,0.0,0.0,3.0
2026-07-10,COLE WINN,PITCHER,HOU,,,,,,,0,,,,,,,,,,MLB_PITCHING_RESULTS.csv,1.1,4.0,0.0,0.0,0.0,0.0,0.0,1.0,0.0,10.0
2026-07-10,COLIN HOLDERMAN,PITCHER,MIA,,,,,,,0,,,,,,,,,,MLB_PITCHING_RESULTS.csv,0.2,2.0,1.0,0.0,1.0,0.0,0.0,0.0,0.0,5.0
2026-07-10,CRAIG YOHO,PITCHER,PIT,,,,,,,1,,,,,,,,,,MLB_PITCHING_RESULTS.csv,2.0,6.0,3.0,0.0,0.0,0.0,0.0,0.0,0.0,15.0
2026-07-10,DANIEL LYNCH IV,PITCHER,BAL,,,,,,,0,,,,,,,,,,MLB_PITCHING_RESULTS.csv,1.0,3.0,1.0,0.0,0.0,0.0,0.0,0.0,0.0,6.0
2026-07-10,DANNY YOUNG,PITCHER,STL,,,,,,,0,,,,,,,,,,MLB_PITCHING_RESULTS.csv,1.0,3.0,1.0,1.0,1.0,1.0,0.0,0.0,0.0,3.0
2026-07-10,DAVID BEDNAR,PITCHER,WSH,,,,,,,0,,,,,,,,,,MLB_PITCHING_RESULTS.csv,2.0,6.0,0.0,0.0,0.0,0.0,0.0,1.0,0.0,12.0
2026-07-10,DIDIER FUENTES,PITCHER,STL,,,,,,,1,,,,,,,,,,MLB_PITCHING_RESULTS.csv,1.0,3.0,1.0,1.0,2.0,0.0,0.0,0.0,0.0,3.0
2026-07-10,DREW SOMMERS,PITCHER,PHI,,,,,,,0,,,,,,,,,,MLB_PITCHING_RESULTS.csv,0.1,1.0,0.0,0.0,0.0,0.0,0.0,0.0,0.0,1.0
2026-07-10,DREY JAMESON,PITCHER,LAD,,,,,,,0,,,,,,,,,,MLB_PITCHING_RESULTS.csv,1.0,3.0,0.0,1.0,2.0,0.0,0.0,0.0,0.0,0.0
2026-07-10,DYLAN SMITH,PITCHER,COL,,,,,,,0,,,,,,,,,,MLB_PITCHING_RESULTS.csv,1.0,3.0,1.0,0.0,0.0,0.0,0.0,0.0,0.0,6.0
2026-07-10,EDGARDO HENRIQUEZ,PITCHER,AZ,,,,,,,1,,,,,,,,,,MLB_PITCHING_RESULTS.csv,1.2,5.0,2.0,0.0,1.0,0.0,0.0,0.0,0.0,11.0
2026-07-10,EDUARD BAZARDO,PITCHER,TB,,,,,,,0,,,,,,,,,,MLB_PITCHING_RESULTS.csv,1.0,3.0,2.0,0.0,0.0,0.0,0.0,0.0,0.0,9.0
2026-07-10,EDUARDO RODRIGUEZ,PITCHER,LAD,,,,,,,1,,,,,,,,,,MLB_PITCHING_RESULTS.csv,6.0,18.0,5.0,2.0,7.0,2.0,0.0,1.0,1.0,37.0
2026-07-10,ELVIS ALVARADO,PITCHER,CWS,,,,,,,0,,,,,,,,,,MLB_PITCHING_RESULTS.csv,2.0,6.0,3.0,0.0,0.0,0.0,0.0,0.0,0.0,15.0
2026-07-10,EMILIO PAGÁN,PITCHER,CHC,,,,,,,0,,,,,,,,,,MLB_PITCHING_RESULTS.csv,1.0,3.0,3.0,0.0,0.0,0.0,0.0,0.0,0.0,12.0
2026-07-10,ERIK MILLER,PITCHER,COL,,,,,,,0,,,,,,,,,,MLB_PITCHING_RESULTS.csv,1.0,3.0,1.0,0.0,1.0,0.0,0.0,0.0,0.0,6.0
2026-07-10,ERIK SABROWSKI,PITCHER,MIA,,,,,,,1,,,,,,,,,,MLB_PITCHING_RESULTS.csv,0.1,1.0,0.0,1.0,1.0,1.0,0.0,0.0,0.0,-2.0
2026-07-10,EVAN PHILLIPS,PITCHER,AZ,,,,,,,0,,,,,,,,,,MLB_PITCHING_RESULTS.csv,1.0,3.0,2.0,1.0,2.0,0.0,0.0,0.0,0.0,6.0
2026-07-10,FERNANDO CRUZ,PITCHER,WSH,,,,,,,0,,,,,,,,,,MLB_PITCHING_RESULTS.csv,0.2,2.0,2.0,0.0,0.0,0.0,0.0,0.0,0.0,8.0
2026-07-10,GARRETT CLEAVINGER,PITCHER,SEA,,,,,,,0,,,,,,,,,,MLB_PITCHING_RESULTS.csv,1.0,3.0,2.0,0.0,1.0,0.0,0.0,0.0,0.0,9.0
2026-07-10,GARRETT STUBBS,PITCHER,DET,,,,,,,0,,,,,,,,,,MLB_PITCHING_RESULTS.csv,1.0,3.0,0.0,0.0,0.0,0.0,0.0,0.0,0.0,3.0
2026-07-10,GARRETT WHITLOCK,PITCHER,NYM,,,,,,,0,,,,,,,,,,MLB_PITCHING_RESULTS.csv,1.0,3.0,0.0,0.0,2.0,0.0,0.0,0.0,0.0,3.0
2026-07-10,GEORGE SORIANO,PITCHER,ATL,,,,,,,0,,,,,,,,,,MLB_PITCHING_RESULTS.csv,1.1,4.0,1.0,1.0,2.0,0.0,0.0,0.0,0.0,4.0
2026-07-10,GRAYSON RODRIGUEZ,PITCHER,MIN,,,,,,,1,,,,,,,,,,MLB_PITCHING_RESULTS.csv,5.1,16.0,0.0,3.0,6.0,0.0,0.0,1.0,0.0,13.0
2026-07-10,GREG WEISSERT,PITCHER,NYM,,,,,,,0,,,,,,,,,,MLB_PITCHING_RESULTS.csv,1.0,3.0,0.0,1.0,1.0,1.0,0.0,0.0,0.0,0.0
2026-07-10,GREGORY SOTO,PITCHER,MIL,,,,,,,1,,,,,,,,,,MLB_PITCHING_RESULTS.csv,1.0,3.0,0.0,0.0,1.0,0.0,0.0,0.0,0.0,3.0
2026-07-10,HUNTER BROWN,PITCHER,TEX,,,,,,,5,,,,,,,,,,MLB_PITCHING_RESULTS.csv,6.0,18.0,4.0,3.0,4.0,1.0,0.0,0.0,1.0,25.0
2026-07-10,HUNTER GADDIS,PITCHER,MIA,,,,,,,0,,,,,,,,,,MLB_PITCHING_RESULTS.csv,1.0,3.0,1.0,0.0,1.0,0.0,0.0,0.0,0.0,6.0
2026-07-10,HUNTER GREENE,PITCHER,CHC,,,,,,,1,,,,,,,,,,MLB_PITCHING_RESULTS.csv,7.0,21.0,12.0,0.0,3.0,0.0,0.0,1.0,1.0,67.0
2026-07-10,JACK DREYER,PITCHER,AZ,,,,,,,0,,,,,,,,,,MLB_PITCHING_RESULTS.csv,1.0,3.0,1.0,0.0,1.0,0.0,0.0,0.0,0.0,6.0
2026-07-10,JACK FLAHERTY,PITCHER,PHI,,,,,,,3,,,,,,,,,,MLB_PITCHING_RESULTS.csv,6.0,18.0,6.0,2.0,2.0,1.0,0.0,1.0,1.0,40.0
2026-07-10,JACOB LOPEZ,PITCHER,CWS,,,,,,,0,,,,,,,,,,MLB_PITCHING_RESULTS.csv,1.2,5.0,1.0,0.0,0.0,0.0,0.0,0.0,0.0,8.0
2026-07-10,JACOB WAGUESPACK,PITCHER,PHI,,,,,,,0,,,,,,,,,,MLB_PITCHING_RESULTS.csv,0.2,2.0,0.0,0.0,1.0,0.0,0.0,0.0,0.0,2.0
2026-07-10,JAKE BIRD,PITCHER,WSH,,,,,,,0,,,,,,,,,,MLB_PITCHING_RESULTS.csv,0.2,2.0,0.0,0.0,0.0,0.0,0.0,0.0,0.0,2.0
2026-07-10,JAKE WOODFORD,PITCHER,CIN,,,,,,,0,,,,,,,,,,MLB_PITCHING_RESULTS.csv,2.0,6.0,3.0,3.0,5.0,1.0,0.0,0.0,0.0,6.0
2026-07-10,JEFF HOFFMAN,PITCHER,SD,,,,,,,0,,,,,,,,,,MLB_PITCHING_RESULTS.csv,1.0,3.0,1.0,0.0,0.0,0.0,0.0,0.0,0.0,6.0
2026-07-10,JHONY BRITO,PITCHER,TOR,,,,,,,1,,,,,,,,,,MLB_PITCHING_RESULTS.csv,2.2,8.0,2.0,2.0,3.0,1.0,0.0,0.0,0.0,8.0
2026-07-10,JIMMY HERGET,PITCHER,SF,,,,,,,1,,,,,,,,,,MLB_PITCHING_RESULTS.csv,1.0,3.0,1.0,1.0,2.0,0.0,0.0,0.0,0.0,3.0
2026-07-10,JOJO ROMERO,PITCHER,ATL,,,,,,,0,,,,,,,,,,MLB_PITCHING_RESULTS.csv,1.0,3.0,1.0,0.0,0.0,0.0,0.0,1.0,0.0,12.0
2026-07-10,JONATHAN LOÁISIGA,PITCHER,LAD,,,,,,,0,,,,,,,,,,MLB_PITCHING_RESULTS.csv,1.0,3.0,2.0,0.0,0.0,0.0,0.0,0.0,0.0,9.0
2026-07-10,JORDAN ROMANO,PITCHER,SF,,,,,,,3,,,,,,,,,,MLB_PITCHING_RESULTS.csv,0.2,2.0,0.0,1.0,1.0,0.0,0.0,0.0,0.0,-1.0
2026-07-10,JOSÉ A. FERRER,PITCHER,TB,,,,,,,0,,,,,,,,,,MLB_PITCHING_RESULTS.csv,0.1,1.0,0.0,3.0,4.0,1.0,0.0,0.0,0.0,-8.0
2026-07-10,JP SEARS,PITCHER,TOR,,,,,,,1,,,,,,,,,,MLB_PITCHING_RESULTS.csv,4.1,13.0,3.0,3.0,6.0,0.0,0.0,0.0,0.0,13.0
2026-07-10,JUAN MEJIA,PITCHER,SF,,,,,,,0,,,,,,,,,,MLB_PITCHING_RESULTS.csv,0.1,1.0,0.0,0.0,0.0,0.0,0.0,0.0,0.0,1.0
2026-07-10,JUSTIN BRUIHL,PITCHER,ATL,,,,,,,0,,,,,,,,,,MLB_PITCHING_RESULTS.csv,1.2,5.0,1.0,0.0,0.0,0.0,0.0,0.0,0.0,8.0
2026-07-10,JUSTIN LAWRENCE,PITCHER,NYY,,,,,,,2,,,,,,,,,,MLB_PITCHING_RESULTS.csv,0.2,2.0,1.0,1.0,2.0,1.0,0.0,0.0,0.0,2.0
2026-07-10,KEATON WINN,PITCHER,COL,,,,,,,0,,,,,,,,,,MLB_PITCHING_RESULTS.csv,0.2,2.0,0.0,0.0,1.0,0.0,0.0,0.0,0.0,2.0
2026-07-10,KEVIN KELLY,PITCHER,SEA,,,,,,,0,,,,,,,,,,MLB_PITCHING_RESULTS.csv,2.0,6.0,1.0,0.0,0.0,0.0,0.0,0.0,0.0,9.0
2026-07-10,KIRBY YATES,PITCHER,MIN,,,,,,,0,,,,,,,,,,MLB_PITCHING_RESULTS.csv,1.0,3.0,0.0,0.0,1.0,0.0,0.0,0.0,0.0,3.0
2026-07-10,KODAI SENGA,PITCHER,BOS,,,,,,,0,,,,,,,,,,MLB_PITCHING_RESULTS.csv,1.0,3.0,1.0,0.0,0.0,0.0,0.0,0.0,0.0,6.0
2026-07-10,KYLE HURT,PITCHER,AZ,,,,,,,1,,,,,,,,,,MLB_PITCHING_RESULTS.csv,1.2,5.0,1.0,2.0,3.0,0.0,0.0,0.0,0.0,2.0
2026-07-10,KYLE LEAHY,PITCHER,ATL,,,,,,,0,,,,,,,,,,MLB_PITCHING_RESULTS.csv,3.0,9.0,2.0,0.0,1.0,0.0,0.0,0.0,0.0,15.0
2026-07-10,LOUIS VARLAND,PITCHER,SD,,,,,,,0,,,,,,,,,,MLB_PITCHING_RESULTS.csv,1.0,3.0,1.0,1.0,3.0,0.0,0.0,0.0,0.0,3.0
2026-07-10,LUINDER AVILA,PITCHER,BAL,,,,,,,3,,,,,,,,,,MLB_PITCHING_RESULTS.csv,5.0,15.0,3.0,3.0,7.0,1.0,0.0,0.0,0.0,15.0
2026-07-10,LUIS CASTILLO,PITCHER,TB,,,,,,,1,,,,,,,,,,MLB_PITCHING_RESULTS.csv,5.0,15.0,4.0,4.0,9.0,3.0,0.0,0.0,0.0,15.0
2026-07-10,MASON BARNETT,PITCHER,CWS,,,,,,,1,,,,,,,,,,MLB_PITCHING_RESULTS.csv,1.0,3.0,0.0,3.0,3.0,0.0,0.0,0.0,0.0,-6.0
2026-07-10,MASON FLUHARTY,PITCHER,SD,,,,,,,0,,,,,,,,,,MLB_PITCHING_RESULTS.csv,0.1,1.0,1.0,0.0,0.0,0.0,0.0,1.0,0.0,10.0
2026-07-10,MATT KROOK,PITCHER,NYY,,,,,,,0,,,,,,,,,,MLB_PITCHING_RESULTS.csv,0.1,1.0,0.0,2.0,2.0,1.0,0.0,0.0,0.0,-5.0
2026-07-10,MATT STRAHM,PITCHER,BAL,,,,,,,0,,,,,,,,,,MLB_PITCHING_RESULTS.csv,1.0,3.0,2.0,2.0,2.0,1.0,0.0,0.0,0.0,3.0
2026-07-10,MAX LAZAR,PITCHER,DET,,,,,,,1,,,,,,,,,,MLB_PITCHING_RESULTS.csv,1.0,3.0,0.0,3.0,3.0,2.0,0.0,0.0,0.0,-6.0
2026-07-10,NICK DAVILA,PITCHER,TB,,,,,,,0,,,,,,,,,,MLB_PITCHING_RESULTS.csv,0.2,2.0,0.0,0.0,0.0,0.0,0.0,0.0,0.0,2.0
2026-07-10,NICK MARTINEZ,PITCHER,SEA,,,,,,,1,,,,,,,,,,MLB_PITCHING_RESULTS.csv,5.1,16.0,1.0,2.0,4.0,1.0,0.0,1.0,0.0,19.0
2026-07-10,NOLAN MCLEAN,PITCHER,BOS,,,,,,,2,,,,,,,,,,MLB_PITCHING_RESULTS.csv,6.0,18.0,7.0,0.0,5.0,0.0,0.0,0.0,1.0,43.0
2026-07-10,PARKER MESSICK,PITCHER,MIA,,,,,,,4,,,,,,,,,,MLB_PITCHING_RESULTS.csv,6.0,18.0,1.0,1.0,1.0,1.0,0.0,1.0,1.0,28.0
2026-07-10,RICO GARCIA,PITCHER,KC,,,,,,,0,,,,,,,,,,MLB_PITCHING_RESULTS.csv,1.0,3.0,1.0,0.0,0.0,0.0,0.0,1.0,0.0,12.0
2026-07-10,RILEY O'BRIEN,PITCHER,ATL,,,,,,,0,,,,,,,,,,MLB_PITCHING_RESULTS.csv,1.0,3.0,2.0,0.0,0.0,0.0,0.0,0.0,0.0,9.0
2026-07-10,ROBBIE RAY,PITCHER,COL,,,,,,,6,,,,,,,,,,MLB_PITCHING_RESULTS.csv,5.0,15.0,4.0,1.0,4.0,0.0,0.0,0.0,0.0,24.0
2026-07-10,RON MARINACCIO,PITCHER,TOR,,,,,,,0,,,,,,,,,,MLB_PITCHING_RESULTS.csv,1.0,3.0,0.0,0.0,0.0,0.0,0.0,0.0,0.0,3.0
2026-07-10,RYAN GUSTO,PITCHER,CLE,,,,,,,0,,,,,,,,,,MLB_PITCHING_RESULTS.csv,2.0,6.0,1.0,0.0,0.0,0.0,0.0,0.0,0.0,9.0
2026-07-10,RYAN WEATHERS,PITCHER,WSH,,,,,,,0,,,,,,,,,,MLB_PITCHING_RESULTS.csv,5.1,16.0,6.0,1.0,6.0,0.0,0.0,0.0,0.0,31.0
2026-07-10,RYNE STANEK,PITCHER,ATL,,,,,,,1,,,,,,,,,,MLB_PITCHING_RESULTS.csv,1.0,3.0,0.0,0.0,0.0,0.0,0.0,0.0,0.0,3.0
2026-07-10,SAM BACHMAN,PITCHER,MIN,,,,,,,1,,,,,,,,,,MLB_PITCHING_RESULTS.csv,1.0,3.0,2.0,0.0,0.0,0.0,0.0,0.0,0.0,9.0
2026-07-10,SAM HENTGES,PITCHER,COL,,,,,,,0,,,,,,,,,,MLB_PITCHING_RESULTS.csv,1.1,4.0,3.0,0.0,1.0,0.0,0.0,0.0,0.0,13.0
2026-07-10,SAMY NATERA JR.,PITCHER,MIN,,,,,,,1,,,,,,,,,,MLB_PITCHING_RESULTS.csv,1.2,5.0,2.0,0.0,2.0,0.0,0.0,0.0,0.0,11.0
2026-07-10,SANDY ALCANTARA,PITCHER,CLE,,,,,,,0,,,,,,,,,,MLB_PITCHING_RESULTS.csv,7.0,21.0,8.0,3.0,5.0,1.0,0.0,0.0,1.0,40.0
2026-07-10,SEAN BURKE,PITCHER,ATH,,,,,,,0,,,,,,,,,,MLB_PITCHING_RESULTS.csv,7.0,21.0,9.0,1.0,4.0,1.0,0.0,1.0,1.0,55.0
2026-07-10,SHANE BIEBER,PITCHER,SD,,,,,,,3,,,,,,,,,,MLB_PITCHING_RESULTS.csv,4.2,14.0,4.0,2.0,6.0,1.0,0.0,0.0,0.0,20.0
2026-07-10,SHOTA IMANAGA,PITCHER,CIN,,,,,,,1,,,,,,,,,,MLB_PITCHING_RESULTS.csv,5.0,15.0,5.0,1.0,7.0,1.0,0.0,0.0,0.0,27.0
2026-07-10,SONNY GRAY,PITCHER,NYM,,,,,,,1,,,,,,,,,,MLB_PITCHING_RESULTS.csv,6.0,18.0,3.0,1.0,5.0,0.0,0.0,1.0,1.0,34.0
2026-07-10,STEVEN CRUZ,PITCHER,BAL,,,,,,,0,,,,,,,,,,MLB_PITCHING_RESULTS.csv,1.0,3.0,1.0,0.0,0.0,0.0,0.0,0.0,0.0,6.0
2026-07-10,STEVEN OKERT,PITCHER,TEX,,,,,,,0,,,,,,,,,,MLB_PITCHING_RESULTS.csv,1.0,3.0,2.0,0.0,0.0,0.0,0.0,0.0,0.0,9.0
2026-07-10,TANNER GORDON,PITCHER,SF,,,,,,,1,,,,,,,,,,MLB_PITCHING_RESULTS.csv,5.0,15.0,1.0,1.0,8.0,1.0,0.0,0.0,0.0,15.0
2026-07-10,TIM HILL,PITCHER,WSH,,,,,,,0,,,,,,,,,,MLB_PITCHING_RESULTS.csv,0.1,1.0,0.0,2.0,2.0,2.0,0.0,0.0,0.0,-5.0
2026-07-10,TIM MAYZA,PITCHER,DET,,,,,,,2,,,,,,,,,,MLB_PITCHING_RESULTS.csv,1.0,3.0,1.0,4.0,2.0,0.0,0.0,0.0,0.0,-6.0
2026-07-10,TOM COSGROVE,PITCHER,NYY,,,,,,,1,,,,,,,,,,MLB_PITCHING_RESULTS.csv,0.2,2.0,0.0,0.0,1.0,0.0,0.0,0.0,0.0,2.0
2026-07-10,TRAVIS ADAMS,PITCHER,LAA,,,,,,,0,,,,,,,,,,MLB_PITCHING_RESULTS.csv,1.0,3.0,1.0,0.0,0.0,0.0,0.0,0.0,0.0,6.0
2026-07-10,TRENT THORNTON,PITCHER,CIN,,,,,,,0,,,,,,,,,,MLB_PITCHING_RESULTS.csv,1.0,3.0,0.0,0.0,1.0,0.0,0.0,0.0,0.0,3.0
2026-07-10,TYLER ALEXANDER,PITCHER,HOU,,,,,,,0,,,,,,,,,,MLB_PITCHING_RESULTS.csv,1.0,3.0,1.0,0.0,1.0,0.0,0.0,0.0,0.0,6.0
2026-07-10,TYLER DAVIS,PITCHER,ATH,,,,,,,1,,,,,,,,,,MLB_PITCHING_RESULTS.csv,2.0,6.0,2.0,0.0,1.0,0.0,0.0,0.0,0.0,12.0
2026-07-10,TYLER KINLEY,PITCHER,STL,,,,,,,1,,,,,,,,,,MLB_PITCHING_RESULTS.csv,1.0,3.0,1.0,0.0,0.0,0.0,0.0,0.0,0.0,6.0
2026-07-10,TYLER ROGERS,PITCHER,SD,,,,,,,0,,,,,,,,,,MLB_PITCHING_RESULTS.csv,1.0,3.0,0.0,0.0,0.0,0.0,0.0,0.0,0.0,3.0
2026-07-10,TYRON GUERRERO,PITCHER,NYM,,,,,,,0,,,,,,,,,,MLB_PITCHING_RESULTS.csv,1.0,3.0,0.0,0.0,2.0,0.0,0.0,0.0,0.0,3.0
2026-07-10,VICTOR MEDEROS,PITCHER,STL,,,,,,,0,,,,,,,,,,MLB_PITCHING_RESULTS.csv,2.0,6.0,3.0,0.0,0.0,0.0,0.0,0.0,0.0,15.0
2026-07-10,WANDY PERALTA,PITCHER,TOR,,,,,,,0,,,,,,,,,,MLB_PITCHING_RESULTS.csv,1.0,3.0,0.0,0.0,0.0,0.0,0.0,0.0,0.0,3.0
2026-07-10,WILL KLEIN,PITCHER,AZ,,,,,,,2,,,,,,,,,,MLB_PITCHING_RESULTS.csv,1.2,5.0,2.0,1.0,0.0,0.0,0.0,0.0,0.0,8.0
2026-07-10,XZAVION CURRY,PITCHER,BOS,,,,,,,0,,,,,,,,,,MLB_PITCHING_RESULTS.csv,0.1,1.0,0.0,0.0,0.0,0.0,0.0,0.0,0.0,1.0
2026-07-10,ZACK LITTELL,PITCHER,NYY,,,,,,,0,,,,,,,,,,MLB_PITCHING_RESULTS.csv,4.0,12.0,5.0,1.0,5.0,1.0,0.0,0.0,0.0,24.0
2026-07-10,ZEBBY MATTHEWS,PITCHER,LAA,,,,,,,2,,,,,,,,,,MLB_PITCHING_RESULTS.csv,6.0,18.0,3.0,4.0,9.0,1.0,0.0,0.0,0.0,15.0
