slate_date,league,player_name,team,position,stat_type,line_score,start_time,game_description,projection_id,player_id,prop_key
2026-07-13,WNBA,Allisha Gray,ATL,G,3-PT Attempted,5.5,2026-07-13 23:00:00+00:00,LAS,13126612,237832,WNBA|allisha gray|3-pt attempted|5.5|standard
2026-07-13,WNBA,Allisha Gray,ATL,G,Assists,2.5,2026-07-13 23:00:00+00:00,LAS,13119387,237832,WNBA|allisha gray|assists|2.5|standard
2026-07-13,WNBA,Allisha Gray,ATL,G,Blks+Stls,1.5,2026-07-13 23:00:00+00:00,LAS,13126447,237832,WNBA|allisha gray|blks+stls|1.5|standard
2026-07-13,WNBA,Allisha Gray,ATL,G,FG Attempted,15.5,2026-07-13 23:00:00+00:00,LAS,13126606,237832,WNBA|allisha gray|fg attempted|15.5|standard
2026-07-13,WNBA,Allisha Gray,ATL,G,FG Made,7.0,2026-07-13 23:00:00+00:00,LAS,13126600,237832,WNBA|allisha gray|fg made|7.0|standard
2026-07-13,WNBA,Allisha Gray,ATL,G,Fantasy Score,33.5,2026-07-13 23:00:00+00:00,LAS,13123775,237832,WNBA|allisha gray|fantasy score|33.5|standard
2026-07-13,WNBA,Allisha Gray,ATL,G,Free Throws Attempted,5.5,2026-07-13 23:00:00+00:00,LAS,13126618,237832,WNBA|allisha gray|free throws attempted|5.5|standard
2026-07-13,WNBA,Allisha Gray,ATL,G,Free Throws Made,4.5,2026-07-13 23:00:00+00:00,LAS,13126594,237832,WNBA|allisha gray|free throws made|4.5|standard
2026-07-13,WNBA,Allisha Gray,ATL,G,Points,20.5,2026-07-13 23:00:00+00:00,LAS,13119669,237832,WNBA|allisha gray|points|20.5|standard
2026-07-13,WNBA,Allisha Gray,ATL,G,Pts+Asts,24.0,2026-07-13 23:00:00+00:00,LAS,13119292,237832,WNBA|allisha gray|pts+asts|24.0|standard
2026-07-13,WNBA,Allisha Gray,ATL,G,Pts+Rebs,24.5,2026-07-13 23:00:00+00:00,LAS,13119272,237832,WNBA|allisha gray|pts+rebs|24.5|standard
2026-07-13,WNBA,Allisha Gray,ATL,G,Pts+Rebs+Asts,27.5,2026-07-13 23:00:00+00:00,LAS,13119291,237832,WNBA|allisha gray|pts+rebs+asts|27.5|standard
2026-07-13,WNBA,Allisha Gray,ATL,G,Rebounds,4.0,2026-07-13 23:00:00+00:00,LAS,13123756,237832,WNBA|allisha gray|rebounds|4.0|standard
2026-07-13,WNBA,Allisha Gray,ATL,G,Rebs+Asts,6.5,2026-07-13 23:00:00+00:00,LAS,13119278,237832,WNBA|allisha gray|rebs+asts|6.5|standard
2026-07-13,WNBA,Allisha Gray,ATL,G,Turnovers,1.5,2026-07-13 23:00:00+00:00,LAS,13126444,237832,WNBA|allisha gray|turnovers|1.5|standard
2026-07-13,WNBA,Allisha Gray,ATL,G,Two Pointers Attempted,10.0,2026-07-13 23:00:00+00:00,LAS,13126629,237832,WNBA|allisha gray|two pointers attempted|10.0|standard
2026-07-13,WNBA,Allisha Gray,ATL,G,Two Pointers Made,5.5,2026-07-13 23:00:00+00:00,LAS,13126624,237832,WNBA|allisha gray|two pointers made|5.5|standard
2026-07-13,WNBA,Allisha Gray + Dearica Hamby,ATL/LAS,G,Points (Combo),36.5,2026-07-13 23:00:00+00:00,LAS/ATL,13124263,328311,WNBA|allisha gray + dearica hamby|points (combo)|36.5|standard
2026-07-13,WNBA,Allisha Gray + Nneka Ogwumike,ATL/LAS,G,Points (Combo),38.5,2026-07-13 23:00:00+00:00,LAS/ATL,13124257,328308,WNBA|allisha gray + nneka ogwumike|points (combo)|38.5|standard
2026-07-13,WNBA,Allisha Gray + Rae Burrell,ATL/LAS,G,Points (Combo),35.5,2026-07-13 23:00:00+00:00,LAS/ATL,13124273,328316,WNBA|allisha gray + rae burrell|points (combo)|35.5|standard
2026-07-13,WNBA,Ariel Atkins,LAS,G,Fantasy Score,21.5,2026-07-13 23:00:00+00:00,ATL,13126142,317325,WNBA|ariel atkins|fantasy score|21.5|standard
2026-07-13,WNBA,Ariel Atkins,LAS,G,Offensive Rebounds,0.5,2026-07-13 23:00:00+00:00,ATL,13126250,317325,WNBA|ariel atkins|offensive rebounds|0.5|standard
2026-07-13,WNBA,Ariel Atkins,LAS,G,Points,10.0,2026-07-13 23:00:00+00:00,ATL,13119019,317325,WNBA|ariel atkins|points|10.0|standard
2026-07-13,WNBA,Ariel Atkins,LAS,G,Pts+Rebs,13.5,2026-07-13 23:00:00+00:00,ATL,13124297,317325,WNBA|ariel atkins|pts+rebs|13.5|standard
2026-07-13,WNBA,Ariel Atkins,LAS,G,Pts+Rebs+Asts,15.5,2026-07-13 23:00:00+00:00,ATL,13124300,317325,WNBA|ariel atkins|pts+rebs+asts|15.5|standard
2026-07-13,WNBA,Dearica Hamby,LAS,F,Blks+Stls,1.5,2026-07-13 23:00:00+00:00,ATL,13126465,237841,WNBA|dearica hamby|blks+stls|1.5|standard
2026-07-13,WNBA,Dearica Hamby,LAS,F,Defensive Rebounds,6.0,2026-07-13 23:00:00+00:00,ATL,13126231,237841,WNBA|dearica hamby|defensive rebounds|6.0|standard
2026-07-13,WNBA,Dearica Hamby,LAS,F,FG Attempted,12.5,2026-07-13 23:00:00+00:00,ATL,13126607,237841,WNBA|dearica hamby|fg attempted|12.5|standard
2026-07-13,WNBA,Dearica Hamby,LAS,F,FG Made,6.0,2026-07-13 23:00:00+00:00,ATL,13126601,237841,WNBA|dearica hamby|fg made|6.0|standard
2026-07-13,WNBA,Dearica Hamby,LAS,F,Fantasy Score,33.5,2026-07-13 23:00:00+00:00,ATL,13123780,237841,WNBA|dearica hamby|fantasy score|33.5|standard
2026-07-13,WNBA,Dearica Hamby,LAS,F,Free Throws Attempted,4.5,2026-07-13 23:00:00+00:00,ATL,13126619,237841,WNBA|dearica hamby|free throws attempted|4.5|standard
2026-07-13,WNBA,Dearica Hamby,LAS,F,Free Throws Made,3.5,2026-07-13 23:00:00+00:00,ATL,13126595,237841,WNBA|dearica hamby|free throws made|3.5|standard
2026-07-13,WNBA,Dearica Hamby,LAS,F,Points,16.0,2026-07-13 23:00:00+00:00,ATL,13119958,237841,WNBA|dearica hamby|points|16.0|standard
2026-07-13,WNBA,Dearica Hamby,LAS,F,Pts+Rebs,23.5,2026-07-13 23:00:00+00:00,ATL,13128468,237841,WNBA|dearica hamby|pts+rebs|23.5|standard
2026-07-13,WNBA,Dearica Hamby,LAS,F,Pts+Rebs+Asts,26.5,2026-07-13 23:00:00+00:00,ATL,13118994,237841,WNBA|dearica hamby|pts+rebs+asts|26.5|standard
2026-07-13,WNBA,Dearica Hamby,LAS,F,Rebounds,8.0,2026-07-13 23:00:00+00:00,ATL,13123759,237841,WNBA|dearica hamby|rebounds|8.0|standard
2026-07-13,WNBA,Erica Wheeler,LAS,G,Assists,5.5,2026-07-13 23:00:00+00:00,ATL,13124325,317929,WNBA|erica wheeler|assists|5.5|standard
2026-07-13,WNBA,Erica Wheeler,LAS,G,Fantasy Score,21.5,2026-07-13 23:00:00+00:00,ATL,13126144,317929,WNBA|erica wheeler|fantasy score|21.5|standard
2026-07-13,WNBA,Erica Wheeler,LAS,G,Points,9.0,2026-07-13 23:00:00+00:00,ATL,13124322,317929,WNBA|erica wheeler|points|9.0|standard
2026-07-13,WNBA,Erica Wheeler,LAS,G,Pts+Rebs+Asts,16.5,2026-07-13 23:00:00+00:00,ATL,13126135,317929,WNBA|erica wheeler|pts+rebs+asts|16.5|standard
2026-07-13,WNBA,Jordin Canada,ATL,G,Assists,8.0,2026-07-13 23:00:00+00:00,LAS,13121301,197522,WNBA|jordin canada|assists|8.0|standard
2026-07-13,WNBA,Jordin Canada,ATL,G,FG Attempted,9.5,2026-07-13 23:00:00+00:00,LAS,13126608,197522,WNBA|jordin canada|fg attempted|9.5|standard
2026-07-13,WNBA,Jordin Canada,ATL,G,FG Made,4.0,2026-07-13 23:00:00+00:00,LAS,13126602,197522,WNBA|jordin canada|fg made|4.0|standard
2026-07-13,WNBA,Jordin Canada,ATL,G,Fantasy Score,34.0,2026-07-13 23:00:00+00:00,LAS,13123776,197522,WNBA|jordin canada|fantasy score|34.0|standard
2026-07-13,WNBA,Jordin Canada,ATL,G,Free Throws Attempted,3.5,2026-07-13 23:00:00+00:00,LAS,13126620,197522,WNBA|jordin canada|free throws attempted|3.5|standard
2026-07-13,WNBA,Jordin Canada,ATL,G,Free Throws Made,2.5,2026-07-13 23:00:00+00:00,LAS,13126596,197522,WNBA|jordin canada|free throws made|2.5|standard
2026-07-13,WNBA,Jordin Canada,ATL,G,Points,11.5,2026-07-13 23:00:00+00:00,LAS,13119323,197522,WNBA|jordin canada|points|11.5|standard
2026-07-13,WNBA,Jordin Canada,ATL,G,Pts+Asts,20.5,2026-07-13 23:00:00+00:00,LAS,13119276,197522,WNBA|jordin canada|pts+asts|20.5|standard
2026-07-13,WNBA,Jordin Canada,ATL,G,Pts+Rebs,15.5,2026-07-13 23:00:00+00:00,LAS,13119288,197522,WNBA|jordin canada|pts+rebs|15.5|standard
2026-07-13,WNBA,Jordin Canada,ATL,G,Pts+Rebs+Asts,24.0,2026-07-13 23:00:00+00:00,LAS,13119303,197522,WNBA|jordin canada|pts+rebs+asts|24.0|standard
2026-07-13,WNBA,Jordin Canada,ATL,G,Rebounds,4.0,2026-07-13 23:00:00+00:00,LAS,13123757,197522,WNBA|jordin canada|rebounds|4.0|standard
2026-07-13,WNBA,Jordin Canada,ATL,G,Rebs+Asts,12.5,2026-07-13 23:00:00+00:00,LAS,13119334,197522,WNBA|jordin canada|rebs+asts|12.5|standard
2026-07-13,WNBA,Jordin Canada,ATL,G,Turnovers,2.5,2026-07-13 23:00:00+00:00,LAS,13126445,197522,WNBA|jordin canada|turnovers|2.5|standard
2026-07-13,WNBA,Jordin Canada,ATL,G,Two Pointers Attempted,6.0,2026-07-13 23:00:00+00:00,LAS,13126630,197522,WNBA|jordin canada|two pointers attempted|6.0|standard
2026-07-13,WNBA,Jordin Canada,ATL,G,Two Pointers Made,3.0,2026-07-13 23:00:00+00:00,LAS,13126625,197522,WNBA|jordin canada|two pointers made|3.0|standard
2026-07-13,WNBA,Naz Hillmon,ATL,F,3-PT Attempted,4.0,2026-07-13 23:00:00+00:00,LAS,13127106,65842,WNBA|naz hillmon|3-pt attempted|4.0|standard
2026-07-13,WNBA,Naz Hillmon,ATL,F,Defensive Rebounds,4.5,2026-07-13 23:00:00+00:00,LAS,13126232,65842,WNBA|naz hillmon|defensive rebounds|4.5|standard
2026-07-13,WNBA,Naz Hillmon,ATL,F,Fantasy Score,22.5,2026-07-13 23:00:00+00:00,LAS,13123777,65842,WNBA|naz hillmon|fantasy score|22.5|standard
2026-07-13,WNBA,Naz Hillmon,ATL,F,Points,10.5,2026-07-13 23:00:00+00:00,LAS,13119383,65842,WNBA|naz hillmon|points|10.5|standard
2026-07-13,WNBA,Naz Hillmon,ATL,F,Pts+Rebs,16.5,2026-07-13 23:00:00+00:00,LAS,13119274,65842,WNBA|naz hillmon|pts+rebs|16.5|standard
2026-07-13,WNBA,Naz Hillmon,ATL,F,Pts+Rebs+Asts,18.5,2026-07-13 23:00:00+00:00,LAS,13121307,65842,WNBA|naz hillmon|pts+rebs+asts|18.5|standard
2026-07-13,WNBA,Naz Hillmon,ATL,F,Rebounds,6.0,2026-07-13 23:00:00+00:00,LAS,13123758,65842,WNBA|naz hillmon|rebounds|6.0|standard
2026-07-13,WNBA,Naz Hillmon + Dearica Hamby,ATL/LAS,F,Rebounds (Combo),14.0,2026-07-13 23:00:00+00:00,LAS/ATL,13124279,328321,WNBA|naz hillmon + dearica hamby|rebounds (combo)|14.0|standard
2026-07-13,WNBA,Naz Hillmon + Nneka Ogwumike,ATL/LAS,F,Rebounds (Combo),15.0,2026-07-13 23:00:00+00:00,LAS/ATL,13124280,328322,WNBA|naz hillmon + nneka ogwumike|rebounds (combo)|15.0|standard
2026-07-13,WNBA,Nneka Ogwumike,LAS,F,3-PT Attempted,4.0,2026-07-13 23:00:00+00:00,ATL,13126615,64380,WNBA|nneka ogwumike|3-pt attempted|4.0|standard
2026-07-13,WNBA,Nneka Ogwumike,LAS,F,Defensive Rebounds,6.5,2026-07-13 23:00:00+00:00,ATL,13126233,64380,WNBA|nneka ogwumike|defensive rebounds|6.5|standard
2026-07-13,WNBA,Nneka Ogwumike,LAS,F,FG Attempted,13.5,2026-07-13 23:00:00+00:00,ATL,13126609,64380,WNBA|nneka ogwumike|fg attempted|13.5|standard
2026-07-13,WNBA,Nneka Ogwumike,LAS,F,FG Made,6.5,2026-07-13 23:00:00+00:00,ATL,13126603,64380,WNBA|nneka ogwumike|fg made|6.5|standard
2026-07-13,WNBA,Nneka Ogwumike,LAS,F,Fantasy Score,34.5,2026-07-13 23:00:00+00:00,ATL,13123782,64380,WNBA|nneka ogwumike|fantasy score|34.5|standard
2026-07-13,WNBA,Nneka Ogwumike,LAS,F,Free Throws Attempted,4.0,2026-07-13 23:00:00+00:00,ATL,13126621,64380,WNBA|nneka ogwumike|free throws attempted|4.0|standard
2026-07-13,WNBA,Nneka Ogwumike,LAS,F,Free Throws Made,3.0,2026-07-13 23:00:00+00:00,ATL,13126597,64380,WNBA|nneka ogwumike|free throws made|3.0|standard
2026-07-13,WNBA,Nneka Ogwumike,LAS,F,Points,16.5,2026-07-13 23:00:00+00:00,ATL,13118999,64380,WNBA|nneka ogwumike|points|16.5|standard
2026-07-13,WNBA,Nneka Ogwumike,LAS,F,Pts+Asts,20.0,2026-07-13 23:00:00+00:00,ATL,13118962,64380,WNBA|nneka ogwumike|pts+asts|20.0|standard
2026-07-13,WNBA,Nneka Ogwumike,LAS,F,Pts+Rebs,26.0,2026-07-13 23:00:00+00:00,ATL,13118967,64380,WNBA|nneka ogwumike|pts+rebs|26.0|standard
2026-07-13,WNBA,Nneka Ogwumike,LAS,F,Pts+Rebs+Asts,29.5,2026-07-13 23:00:00+00:00,ATL,13118970,64380,WNBA|nneka ogwumike|pts+rebs+asts|29.5|standard
2026-07-13,WNBA,Nneka Ogwumike,LAS,F,Rebounds,8.5,2026-07-13 23:00:00+00:00,ATL,13118987,64380,WNBA|nneka ogwumike|rebounds|8.5|standard
2026-07-13,WNBA,Nneka Ogwumike,LAS,F,Rebs+Asts,12.0,2026-07-13 23:00:00+00:00,ATL,13119943,64380,WNBA|nneka ogwumike|rebs+asts|12.0|standard
2026-07-13,WNBA,Nneka Ogwumike,LAS,F,Two Pointers Attempted,9.0,2026-07-13 23:00:00+00:00,ATL,13126631,64380,WNBA|nneka ogwumike|two pointers attempted|9.0|standard
2026-07-13,WNBA,Nneka Ogwumike,LAS,F,Two Pointers Made,5.0,2026-07-13 23:00:00+00:00,ATL,13126626,64380,WNBA|nneka ogwumike|two pointers made|5.0|standard
2026-07-13,WNBA,Rae Burrell,LAS,G-F,Assists,2.5,2026-07-13 23:00:00+00:00,ATL,13126578,69803,WNBA|rae burrell|assists|2.5|standard
2026-07-13,WNBA,Rae Burrell,LAS,G-F,FG Attempted,11.5,2026-07-13 23:00:00+00:00,ATL,13126610,69803,WNBA|rae burrell|fg attempted|11.5|standard
2026-07-13,WNBA,Rae Burrell,LAS,G-F,FG Made,5.5,2026-07-13 23:00:00+00:00,ATL,13126604,69803,WNBA|rae burrell|fg made|5.5|standard
2026-07-13,WNBA,Rae Burrell,LAS,G-F,Fantasy Score,23.5,2026-07-13 23:00:00+00:00,ATL,13126143,69803,WNBA|rae burrell|fantasy score|23.5|standard
2026-07-13,WNBA,Rae Burrell,LAS,G-F,Offensive Rebounds,0.5,2026-07-13 23:00:00+00:00,ATL,13126253,69803,WNBA|rae burrell|offensive rebounds|0.5|standard
2026-07-13,WNBA,Rae Burrell,LAS,G-F,Points,14.5,2026-07-13 23:00:00+00:00,ATL,13118984,69803,WNBA|rae burrell|points|14.5|standard
2026-07-13,WNBA,Rae Burrell,LAS,G-F,Pts+Asts,17.5,2026-07-13 23:00:00+00:00,ATL,13124493,69803,WNBA|rae burrell|pts+asts|17.5|standard
2026-07-13,WNBA,Rae Burrell,LAS,G-F,Pts+Rebs,17.5,2026-07-13 23:00:00+00:00,ATL,13124340,69803,WNBA|rae burrell|pts+rebs|17.5|standard
2026-07-13,WNBA,Rae Burrell,LAS,G-F,Pts+Rebs+Asts,20.0,2026-07-13 23:00:00+00:00,ATL,13124350,69803,WNBA|rae burrell|pts+rebs+asts|20.0|standard
2026-07-13,WNBA,Rae Burrell,LAS,G-F,Two Pointers Attempted,7.5,2026-07-13 23:00:00+00:00,ATL,13126632,69803,WNBA|rae burrell|two pointers attempted|7.5|standard
2026-07-13,WNBA,Rae Burrell,LAS,G-F,Two Pointers Made,4.5,2026-07-13 23:00:00+00:00,ATL,13126627,69803,WNBA|rae burrell|two pointers made|4.5|standard
2026-07-13,WNBA,Rhyne Howard,ATL,G,3-PT Attempted,9.5,2026-07-13 23:00:00+00:00,LAS,13126617,237831,WNBA|rhyne howard|3-pt attempted|9.5|standard
2026-07-13,WNBA,Rhyne Howard,ATL,G,Assists,3.5,2026-07-13 23:00:00+00:00,LAS,13119378,237831,WNBA|rhyne howard|assists|3.5|standard
2026-07-13,WNBA,Rhyne Howard,ATL,G,Blocked Shots,0.5,2026-07-13 23:00:00+00:00,LAS,13126441,237831,WNBA|rhyne howard|blocked shots|0.5|standard
2026-07-13,WNBA,Rhyne Howard,ATL,G,FG Attempted,15.5,2026-07-13 23:00:00+00:00,LAS,13126611,237831,WNBA|rhyne howard|fg attempted|15.5|standard
2026-07-13,WNBA,Rhyne Howard,ATL,G,FG Made,6.5,2026-07-13 23:00:00+00:00,LAS,13126605,237831,WNBA|rhyne howard|fg made|6.5|standard
2026-07-13,WNBA,Rhyne Howard,ATL,G,Fantasy Score,38.5,2026-07-13 23:00:00+00:00,LAS,13123778,237831,WNBA|rhyne howard|fantasy score|38.5|standard
2026-07-13,WNBA,Rhyne Howard,ATL,G,Free Throws Attempted,3.5,2026-07-13 23:00:00+00:00,LAS,13126623,237831,WNBA|rhyne howard|free throws attempted|3.5|standard
2026-07-13,WNBA,Rhyne Howard,ATL,G,Free Throws Made,3.0,2026-07-13 23:00:00+00:00,LAS,13126599,237831,WNBA|rhyne howard|free throws made|3.0|standard
2026-07-13,WNBA,Rhyne Howard,ATL,G,Points,19.5,2026-07-13 23:00:00+00:00,LAS,13119326,237831,WNBA|rhyne howard|points|19.5|standard
2026-07-13,WNBA,Rhyne Howard,ATL,G,Pts+Asts,23.5,2026-07-13 23:00:00+00:00,LAS,13119329,237831,WNBA|rhyne howard|pts+asts|23.5|standard
2026-07-13,WNBA,Rhyne Howard,ATL,G,Pts+Rebs,24.0,2026-07-13 23:00:00+00:00,LAS,13119797,237831,WNBA|rhyne howard|pts+rebs|24.0|standard
2026-07-13,WNBA,Rhyne Howard,ATL,G,Pts+Rebs+Asts,28.5,2026-07-13 23:00:00+00:00,LAS,13119338,237831,WNBA|rhyne howard|pts+rebs+asts|28.5|standard
2026-07-13,WNBA,Rhyne Howard,ATL,G,Rebounds,4.5,2026-07-13 23:00:00+00:00,LAS,13119352,237831,WNBA|rhyne howard|rebounds|4.5|standard
2026-07-13,WNBA,Rhyne Howard,ATL,G,Rebs+Asts,8.0,2026-07-13 23:00:00+00:00,LAS,13121304,237831,WNBA|rhyne howard|rebs+asts|8.0|standard
2026-07-13,WNBA,Rhyne Howard,ATL,G,Steals,2.5,2026-07-13 23:00:00+00:00,LAS,13126443,237831,WNBA|rhyne howard|steals|2.5|standard
2026-07-13,WNBA,Rhyne Howard,ATL,G,Two Pointers Attempted,6.0,2026-07-13 23:00:00+00:00,LAS,13126633,237831,WNBA|rhyne howard|two pointers attempted|6.0|standard
2026-07-13,WNBA,Rhyne Howard,ATL,G,Two Pointers Made,3.5,2026-07-13 23:00:00+00:00,LAS,13126628,237831,WNBA|rhyne howard|two pointers made|3.5|standard
2026-07-13,WNBA,Rhyne Howard + Dearica Hamby,ATL/LAS,G,Points (Combo),35.5,2026-07-13 23:00:00+00:00,LAS/ATL,13124266,328313,WNBA|rhyne howard + dearica hamby|points (combo)|35.5|standard
2026-07-13,WNBA,Rhyne Howard + Nneka Ogwumike,ATL/LAS,G,Assists (Combo),6.5,2026-07-13 23:00:00+00:00,LAS/ATL,13124282,328310,WNBA|rhyne howard + nneka ogwumike|assists (combo)|6.5|standard
2026-07-13,WNBA,Rhyne Howard + Nneka Ogwumike,ATL/LAS,G,Points (Combo),37.0,2026-07-13 23:00:00+00:00,LAS/ATL,13124262,328310,WNBA|rhyne howard + nneka ogwumike|points (combo)|37.0|standard
2026-07-13,WNBA,Rhyne Howard + Rae Burrell,ATL/LAS,G,Points (Combo),34.5,2026-07-13 23:00:00+00:00,LAS/ATL,13124267,328314,WNBA|rhyne howard + rae burrell|points (combo)|34.5|standard
2026-07-13,WNBA,Alyssa Thomas,PHX,F,Assists,8.0,2026-07-14 01:00:00+00:00,MIN,13121494,237863,WNBA|alyssa thomas|assists|8.0|standard
2026-07-13,WNBA,Alyssa Thomas,PHX,F,Blocked Shots,0.5,2026-07-14 01:00:00+00:00,MIN,13126484,237863,WNBA|alyssa thomas|blocked shots|0.5|standard
2026-07-13,WNBA,Alyssa Thomas,PHX,F,Defensive Rebounds,6.0,2026-07-14 01:00:00+00:00,MIN,13126316,237863,WNBA|alyssa thomas|defensive rebounds|6.0|standard
2026-07-13,WNBA,Alyssa Thomas,PHX,F,FG Attempted,10.5,2026-07-14 01:00:00+00:00,MIN,13126647,237863,WNBA|alyssa thomas|fg attempted|10.5|standard
2026-07-13,WNBA,Alyssa Thomas,PHX,F,FG Made,5.5,2026-07-14 01:00:00+00:00,MIN,13126641,237863,WNBA|alyssa thomas|fg made|5.5|standard
2026-07-13,WNBA,Alyssa Thomas,PHX,F,Fantasy Score,37.5,2026-07-14 01:00:00+00:00,MIN,13123662,237863,WNBA|alyssa thomas|fantasy score|37.5|standard
2026-07-13,WNBA,Alyssa Thomas,PHX,F,Free Throws Attempted,3.5,2026-07-14 01:00:00+00:00,MIN,13126658,237863,WNBA|alyssa thomas|free throws attempted|3.5|standard
2026-07-13,WNBA,Alyssa Thomas,PHX,F,Free Throws Made,2.5,2026-07-14 01:00:00+00:00,MIN,13126635,237863,WNBA|alyssa thomas|free throws made|2.5|standard
2026-07-13,WNBA,Alyssa Thomas,PHX,F,Points,12.5,2026-07-14 01:00:00+00:00,MIN,13119357,237863,WNBA|alyssa thomas|points|12.5|standard
2026-07-13,WNBA,Alyssa Thomas,PHX,F,Pts+Asts,21.5,2026-07-14 01:00:00+00:00,MIN,13120009,237863,WNBA|alyssa thomas|pts+asts|21.5|standard
2026-07-13,WNBA,Alyssa Thomas,PHX,F,Pts+Rebs,21.0,2026-07-14 01:00:00+00:00,MIN,13119279,237863,WNBA|alyssa thomas|pts+rebs|21.0|standard
2026-07-13,WNBA,Alyssa Thomas,PHX,F,Pts+Rebs+Asts,28.5,2026-07-14 01:00:00+00:00,MIN,13119362,237863,WNBA|alyssa thomas|pts+rebs+asts|28.5|standard
2026-07-13,WNBA,Alyssa Thomas,PHX,F,Rebounds,7.0,2026-07-14 01:00:00+00:00,MIN,13121497,237863,WNBA|alyssa thomas|rebounds|7.0|standard
2026-07-13,WNBA,Alyssa Thomas,PHX,F,Rebs+Asts,15.0,2026-07-14 01:00:00+00:00,MIN,13127402,237863,WNBA|alyssa thomas|rebs+asts|15.0|standard
2026-07-13,WNBA,Alyssa Thomas,PHX,F,Steals,1.5,2026-07-14 01:00:00+00:00,MIN,13126485,237863,WNBA|alyssa thomas|steals|1.5|standard
2026-07-13,WNBA,Alyssa Thomas,PHX,F,Turnovers,3.5,2026-07-14 01:00:00+00:00,MIN,13126486,237863,WNBA|alyssa thomas|turnovers|3.5|standard
2026-07-13,WNBA,Courtney Williams,MIN,G,Assists,4.0,2026-07-14 01:00:00+00:00,PHX,13123557,237978,WNBA|courtney williams|assists|4.0|standard
2026-07-13,WNBA,Courtney Williams,MIN,G,FG Attempted,14.5,2026-07-14 01:00:00+00:00,PHX,13126648,237978,WNBA|courtney williams|fg attempted|14.5|standard
2026-07-13,WNBA,Courtney Williams,MIN,G,FG Made,7.0,2026-07-14 01:00:00+00:00,PHX,13126642,237978,WNBA|courtney williams|fg made|7.0|standard
2026-07-13,WNBA,Courtney Williams,MIN,G,Fantasy Score,30.5,2026-07-14 01:00:00+00:00,PHX,13123658,237978,WNBA|courtney williams|fantasy score|30.5|standard
2026-07-13,WNBA,Courtney Williams,MIN,G,Offensive Rebounds,0.5,2026-07-14 01:00:00+00:00,PHX,13126325,237978,WNBA|courtney williams|offensive rebounds|0.5|standard
2026-07-13,WNBA,Courtney Williams,MIN,G,Points,15.5,2026-07-14 01:00:00+00:00,PHX,13120037,237978,WNBA|courtney williams|points|15.5|standard
2026-07-13,WNBA,Courtney Williams,MIN,G,Pts+Asts,19.5,2026-07-14 01:00:00+00:00,PHX,13119682,237978,WNBA|courtney williams|pts+asts|19.5|standard
2026-07-13,WNBA,Courtney Williams,MIN,G,Pts+Rebs,21.5,2026-07-14 01:00:00+00:00,PHX,13119680,237978,WNBA|courtney williams|pts+rebs|21.5|standard
2026-07-13,WNBA,Courtney Williams,MIN,G,Pts+Rebs+Asts,25.5,2026-07-14 01:00:00+00:00,PHX,13119689,237978,WNBA|courtney williams|pts+rebs+asts|25.5|standard
2026-07-13,WNBA,Courtney Williams,MIN,G,Rebounds,5.0,2026-07-14 01:00:00+00:00,PHX,13123555,237978,WNBA|courtney williams|rebounds|5.0|standard
2026-07-13,WNBA,Courtney Williams,MIN,G,Rebs+Asts,9.0,2026-07-14 01:00:00+00:00,PHX,13121425,237978,WNBA|courtney williams|rebs+asts|9.0|standard
2026-07-13,WNBA,Courtney Williams,MIN,G,Two Pointers Attempted,11.5,2026-07-14 01:00:00+00:00,PHX,13126668,237978,WNBA|courtney williams|two pointers attempted|11.5|standard
2026-07-13,WNBA,Courtney Williams,MIN,G,Two Pointers Made,6.0,2026-07-14 01:00:00+00:00,PHX,13126664,237978,WNBA|courtney williams|two pointers made|6.0|standard
2026-07-13,WNBA,Courtney Williams + Alyssa Thomas,MIN/PHX,G,Points (Combo),29.5,2026-07-14 01:00:00+00:00,PHX/MIN,13124632,317626,WNBA|courtney williams + alyssa thomas|points (combo)|29.5|standard
2026-07-13,WNBA,Courtney Williams + Kahleah Copper,MIN/PHX,G,Points (Combo),36.0,2026-07-14 01:00:00+00:00,PHX/MIN,13124614,317624,WNBA|courtney williams + kahleah copper|points (combo)|36.0|standard
2026-07-13,WNBA,Courtney Williams + Valeriane Ayayi,MIN/PHX,G,Points (Combo),27.5,2026-07-14 01:00:00+00:00,PHX/MIN,13124634,328335,WNBA|courtney williams + valeriane ayayi|points (combo)|27.5|standard
2026-07-13,WNBA,DeWanna Bonner,PHX,F-G,Fantasy Score,21.0,2026-07-14 01:00:00+00:00,MIN,13126195,253708,WNBA|dewanna bonner|fantasy score|21.0|standard
2026-07-13,WNBA,DeWanna Bonner,PHX,F-G,Points,9.5,2026-07-14 01:00:00+00:00,MIN,13124421,253708,WNBA|dewanna bonner|points|9.5|standard
2026-07-13,WNBA,DeWanna Bonner,PHX,F-G,Pts+Rebs,15.0,2026-07-14 01:00:00+00:00,MIN,13124462,253708,WNBA|dewanna bonner|pts+rebs|15.0|standard
2026-07-13,WNBA,DeWanna Bonner,PHX,F-G,Pts+Rebs+Asts,16.0,2026-07-14 01:00:00+00:00,MIN,13126188,253708,WNBA|dewanna bonner|pts+rebs+asts|16.0|standard
2026-07-13,WNBA,Kahleah Copper,PHX,G-F,3-PT Attempted,6.5,2026-07-14 01:00:00+00:00,MIN,13126654,237861,WNBA|kahleah copper|3-pt attempted|6.5|standard
2026-07-13,WNBA,Kahleah Copper,PHX,G-F,FG Attempted,16.5,2026-07-14 01:00:00+00:00,MIN,13126649,237861,WNBA|kahleah copper|fg attempted|16.5|standard
2026-07-13,WNBA,Kahleah Copper,PHX,G-F,FG Made,6.5,2026-07-14 01:00:00+00:00,MIN,13126643,237861,WNBA|kahleah copper|fg made|6.5|standard
2026-07-13,WNBA,Kahleah Copper,PHX,G-F,Fantasy Score,28.5,2026-07-14 01:00:00+00:00,MIN,13123664,237861,WNBA|kahleah copper|fantasy score|28.5|standard
2026-07-13,WNBA,Kahleah Copper,PHX,G-F,Free Throws Attempted,6.5,2026-07-14 01:00:00+00:00,MIN,13126660,237861,WNBA|kahleah copper|free throws attempted|6.5|standard
2026-07-13,WNBA,Kahleah Copper,PHX,G-F,Free Throws Made,5.5,2026-07-14 01:00:00+00:00,MIN,13126637,237861,WNBA|kahleah copper|free throws made|5.5|standard
2026-07-13,WNBA,Kahleah Copper,PHX,G-F,Points,19.5,2026-07-14 01:00:00+00:00,MIN,13119307,237861,WNBA|kahleah copper|points|19.5|standard
2026-07-13,WNBA,Kahleah Copper,PHX,G-F,Pts+Rebs,23.5,2026-07-14 01:00:00+00:00,MIN,13119316,237861,WNBA|kahleah copper|pts+rebs|23.5|standard
2026-07-13,WNBA,Kahleah Copper,PHX,G-F,Pts+Rebs+Asts,25.5,2026-07-14 01:00:00+00:00,MIN,13119371,237861,WNBA|kahleah copper|pts+rebs+asts|25.5|standard
2026-07-13,WNBA,Kahleah Copper,PHX,G-F,Rebounds,3.5,2026-07-14 01:00:00+00:00,MIN,13123556,237861,WNBA|kahleah copper|rebounds|3.5|standard
2026-07-13,WNBA,Kahleah Copper,PHX,G-F,Two Pointers Attempted,9.5,2026-07-14 01:00:00+00:00,MIN,13126669,237861,WNBA|kahleah copper|two pointers attempted|9.5|standard
2026-07-13,WNBA,Kahleah Copper,PHX,G-F,Two Pointers Made,5.0,2026-07-14 01:00:00+00:00,MIN,13126665,237861,WNBA|kahleah copper|two pointers made|5.0|standard
2026-07-13,WNBA,Kayla McBride,MIN,G,3-PT Attempted,6.5,2026-07-14 01:00:00+00:00,PHX,13126655,237839,WNBA|kayla mcbride|3-pt attempted|6.5|standard
2026-07-13,WNBA,Kayla McBride,MIN,G,Blks+Stls,1.5,2026-07-14 01:00:00+00:00,PHX,13126559,237839,WNBA|kayla mcbride|blks+stls|1.5|standard
2026-07-13,WNBA,Kayla McBride,MIN,G,FG Attempted,12.5,2026-07-14 01:00:00+00:00,PHX,13126650,237839,WNBA|kayla mcbride|fg attempted|12.5|standard
2026-07-13,WNBA,Kayla McBride,MIN,G,FG Made,5.5,2026-07-14 01:00:00+00:00,PHX,13126644,237839,WNBA|kayla mcbride|fg made|5.5|standard
2026-07-13,WNBA,Kayla McBride,MIN,G,Fantasy Score,27.5,2026-07-14 01:00:00+00:00,PHX,13123659,237839,WNBA|kayla mcbride|fantasy score|27.5|standard
2026-07-13,WNBA,Kayla McBride,MIN,G,Free Throws Attempted,3.5,2026-07-14 01:00:00+00:00,PHX,13126661,237839,WNBA|kayla mcbride|free throws attempted|3.5|standard
2026-07-13,WNBA,Kayla McBride,MIN,G,Free Throws Made,3.0,2026-07-14 01:00:00+00:00,PHX,13126638,237839,WNBA|kayla mcbride|free throws made|3.0|standard
2026-07-13,WNBA,Kayla McBride,MIN,G,Offensive Rebounds,0.5,2026-07-14 01:00:00+00:00,PHX,13126328,237839,WNBA|kayla mcbride|offensive rebounds|0.5|standard
2026-07-13,WNBA,Kayla McBride,MIN,G,Points,16.5,2026-07-14 01:00:00+00:00,PHX,13124865,237839,WNBA|kayla mcbride|points|16.5|standard
2026-07-13,WNBA,Kayla McBride,MIN,G,Pts+Asts,19.0,2026-07-14 01:00:00+00:00,PHX,13119712,237839,WNBA|kayla mcbride|pts+asts|19.0|standard
2026-07-13,WNBA,Kayla McBride,MIN,G,Pts+Rebs,19.5,2026-07-14 01:00:00+00:00,PHX,13121441,237839,WNBA|kayla mcbride|pts+rebs|19.5|standard
2026-07-13,WNBA,Kayla McBride,MIN,G,Pts+Rebs+Asts,22.5,2026-07-14 01:00:00+00:00,PHX,13119686,237839,WNBA|kayla mcbride|pts+rebs+asts|22.5|standard
2026-07-13,WNBA,Kayla McBride,MIN,G,Two Pointers Attempted,6.0,2026-07-14 01:00:00+00:00,PHX,13126670,237839,WNBA|kayla mcbride|two pointers attempted|6.0|standard
2026-07-13,WNBA,Kayla McBride,MIN,G,Two Pointers Made,3.0,2026-07-14 01:00:00+00:00,PHX,13126666,237839,WNBA|kayla mcbride|two pointers made|3.0|standard
2026-07-13,WNBA,Kayla McBride + Alyssa Thomas,MIN/PHX,G,Points (Combo),30.0,2026-07-14 01:00:00+00:00,PHX/MIN,13124615,317620,WNBA|kayla mcbride + alyssa thomas|points (combo)|30.0|standard
2026-07-13,WNBA,Kayla McBride + Kahleah Copper,MIN/PHX,G,Points (Combo),36.0,2026-07-14 01:00:00+00:00,PHX/MIN,13124613,317618,WNBA|kayla mcbride + kahleah copper|points (combo)|36.0|standard
2026-07-13,WNBA,Kayla McBride + Valeriane Ayayi,MIN/PHX,G,Points (Combo),26.5,2026-07-14 01:00:00+00:00,PHX/MIN,13124633,328334,WNBA|kayla mcbride + valeriane ayayi|points (combo)|26.5|standard
2026-07-13,WNBA,Monique Akoa Makani,PHX,G,Fantasy Score,17.5,2026-07-14 01:00:00+00:00,MIN,13126196,240019,WNBA|monique akoa makani|fantasy score|17.5|standard
2026-07-13,WNBA,Monique Akoa Makani,PHX,G,Points,9.5,2026-07-14 01:00:00+00:00,MIN,13124528,240019,WNBA|monique akoa makani|points|9.5|standard
2026-07-13,WNBA,Monique Akoa Makani,PHX,G,Pts+Rebs+Asts,14.5,2026-07-14 01:00:00+00:00,MIN,13124520,240019,WNBA|monique akoa makani|pts+rebs+asts|14.5|standard
2026-07-13,WNBA,Natasha Howard,MIN,F,Blks+Stls,2.5,2026-07-14 01:00:00+00:00,PHX,13126560,316212,WNBA|natasha howard|blks+stls|2.5|standard
2026-07-13,WNBA,Natasha Howard,MIN,F,Blocked Shots,0.5,2026-07-14 01:00:00+00:00,PHX,13126549,316212,WNBA|natasha howard|blocked shots|0.5|standard
2026-07-13,WNBA,Natasha Howard,MIN,F,Defensive Rebounds,4.5,2026-07-14 01:00:00+00:00,PHX,13126317,316212,WNBA|natasha howard|defensive rebounds|4.5|standard
2026-07-13,WNBA,Natasha Howard,MIN,F,FG Attempted,10.5,2026-07-14 01:00:00+00:00,PHX,13126651,316212,WNBA|natasha howard|fg attempted|10.5|standard
2026-07-13,WNBA,Natasha Howard,MIN,F,FG Made,6.5,2026-07-14 01:00:00+00:00,PHX,13126645,316212,WNBA|natasha howard|fg made|6.5|standard
2026-07-13,WNBA,Natasha Howard,MIN,F,Fantasy Score,33.5,2026-07-14 01:00:00+00:00,PHX,13123660,316212,WNBA|natasha howard|fantasy score|33.5|standard
2026-07-13,WNBA,Natasha Howard,MIN,F,Free Throws Attempted,4.0,2026-07-14 01:00:00+00:00,PHX,13126662,316212,WNBA|natasha howard|free throws attempted|4.0|standard
2026-07-13,WNBA,Natasha Howard,MIN,F,Free Throws Made,2.5,2026-07-14 01:00:00+00:00,PHX,13126639,316212,WNBA|natasha howard|free throws made|2.5|standard
2026-07-13,WNBA,Natasha Howard,MIN,F,Offensive Rebounds,3.5,2026-07-14 01:00:00+00:00,PHX,13126314,316212,WNBA|natasha howard|offensive rebounds|3.5|standard
2026-07-13,WNBA,Natasha Howard,MIN,F,Points,15.5,2026-07-14 01:00:00+00:00,PHX,13115836,316212,WNBA|natasha howard|points|15.5|standard
2026-07-13,WNBA,Natasha Howard,MIN,F,Pts+Asts,18.0,2026-07-14 01:00:00+00:00,PHX,13115800,316212,WNBA|natasha howard|pts+asts|18.0|standard
2026-07-13,WNBA,Natasha Howard,MIN,F,Pts+Rebs,24.5,2026-07-14 01:00:00+00:00,PHX,13115806,316212,WNBA|natasha howard|pts+rebs|24.5|standard
2026-07-13,WNBA,Natasha Howard,MIN,F,Pts+Rebs+Asts,26.5,2026-07-14 01:00:00+00:00,PHX,13115820,316212,WNBA|natasha howard|pts+rebs+asts|26.5|standard
2026-07-13,WNBA,Natasha Howard,MIN,F,Rebounds,8.0,2026-07-14 01:00:00+00:00,PHX,13121427,316212,WNBA|natasha howard|rebounds|8.0|standard
2026-07-13,WNBA,Natasha Howard,MIN,F,Rebs+Asts,10.5,2026-07-14 01:00:00+00:00,PHX,13117014,316212,WNBA|natasha howard|rebs+asts|10.5|standard
2026-07-13,WNBA,Natasha Howard,MIN,F,Turnovers,2.5,2026-07-14 01:00:00+00:00,PHX,13126556,316212,WNBA|natasha howard|turnovers|2.5|standard
2026-07-13,WNBA,Natasha Howard + Alyssa Thomas,MIN/PHX,F,Rebounds (Combo),15.0,2026-07-14 01:00:00+00:00,PHX/MIN,13124636,317631,WNBA|natasha howard + alyssa thomas|rebounds (combo)|15.0|standard
2026-07-13,WNBA,Natasha Howard + DeWanna Bonner,MIN/PHX,F,Rebounds (Combo),13.5,2026-07-14 01:00:00+00:00,PHX/MIN,13124642,317636,WNBA|natasha howard + dewanna bonner|rebounds (combo)|13.5|standard
2026-07-13,WNBA,Nia Coffey,MIN,F,Defensive Rebounds,4.5,2026-07-14 01:00:00+00:00,PHX,13126318,317261,WNBA|nia coffey|defensive rebounds|4.5|standard
2026-07-13,WNBA,Nia Coffey,MIN,F,Fantasy Score,22.5,2026-07-14 01:00:00+00:00,PHX,13126194,317261,WNBA|nia coffey|fantasy score|22.5|standard
2026-07-13,WNBA,Nia Coffey,MIN,F,Points,7.5,2026-07-14 01:00:00+00:00,PHX,13124382,317261,WNBA|nia coffey|points|7.5|standard
2026-07-13,WNBA,Nia Coffey,MIN,F,Pts+Rebs,13.5,2026-07-14 01:00:00+00:00,PHX,13124376,317261,WNBA|nia coffey|pts+rebs|13.5|standard
2026-07-13,WNBA,Nia Coffey,MIN,F,Pts+Rebs+Asts,15.5,2026-07-14 01:00:00+00:00,PHX,13124509,317261,WNBA|nia coffey|pts+rebs+asts|15.5|standard
2026-07-13,WNBA,Nia Coffey,MIN,F,Rebs+Asts,8.0,2026-07-14 01:00:00+00:00,PHX,13126186,317261,WNBA|nia coffey|rebs+asts|8.0|standard
2026-07-13,WNBA,Nia Coffey + Alyssa Thomas,MIN/PHX,F,Rebounds (Combo),12.5,2026-07-14 01:00:00+00:00,PHX/MIN,13124637,328336,WNBA|nia coffey + alyssa thomas|rebounds (combo)|12.5|standard
2026-07-13,WNBA,Nia Coffey + DeWanna Bonner,MIN/PHX,F,Rebounds (Combo),11.0,2026-07-14 01:00:00+00:00,PHX/MIN,13124641,328337,WNBA|nia coffey + dewanna bonner|rebounds (combo)|11.0|standard
2026-07-13,WNBA,Olivia Miles,MIN,G,3-PT Attempted,3.5,2026-07-14 01:00:00+00:00,PHX,13126657,316224,WNBA|olivia miles|3-pt attempted|3.5|standard
2026-07-13,WNBA,Olivia Miles,MIN,G,Assists,6.0,2026-07-14 01:00:00+00:00,PHX,13116777,316224,WNBA|olivia miles|assists|6.0|standard
2026-07-13,WNBA,Olivia Miles,MIN,G,Blocked Shots,0.5,2026-07-14 01:00:00+00:00,PHX,13126550,316224,WNBA|olivia miles|blocked shots|0.5|standard
2026-07-13,WNBA,Olivia Miles,MIN,G,FG Attempted,13.5,2026-07-14 01:00:00+00:00,PHX,13126652,316224,WNBA|olivia miles|fg attempted|13.5|standard
2026-07-13,WNBA,Olivia Miles,MIN,G,FG Made,6.5,2026-07-14 01:00:00+00:00,PHX,13126646,316224,WNBA|olivia miles|fg made|6.5|standard
2026-07-13,WNBA,Olivia Miles,MIN,G,Fantasy Score,36.5,2026-07-14 01:00:00+00:00,PHX,13123661,316224,WNBA|olivia miles|fantasy score|36.5|standard
2026-07-13,WNBA,Olivia Miles,MIN,G,Free Throws Attempted,5.0,2026-07-14 01:00:00+00:00,PHX,13126663,316224,WNBA|olivia miles|free throws attempted|5.0|standard
2026-07-13,WNBA,Olivia Miles,MIN,G,Free Throws Made,4.5,2026-07-14 01:00:00+00:00,PHX,13126640,316224,WNBA|olivia miles|free throws made|4.5|standard
2026-07-13,WNBA,Olivia Miles,MIN,G,Offensive Rebounds,0.5,2026-07-14 01:00:00+00:00,PHX,13126329,316224,WNBA|olivia miles|offensive rebounds|0.5|standard
2026-07-13,WNBA,Olivia Miles,MIN,G,Points,19.5,2026-07-14 01:00:00+00:00,PHX,13115837,316224,WNBA|olivia miles|points|19.5|standard
2026-07-13,WNBA,Olivia Miles,MIN,G,Pts+Asts,25.5,2026-07-14 01:00:00+00:00,PHX,13116355,316224,WNBA|olivia miles|pts+asts|25.5|standard
2026-07-13,WNBA,Olivia Miles,MIN,G,Pts+Rebs,23.5,2026-07-14 01:00:00+00:00,PHX,13115804,316224,WNBA|olivia miles|pts+rebs|23.5|standard
2026-07-13,WNBA,Olivia Miles,MIN,G,Pts+Rebs+Asts,30.0,2026-07-14 01:00:00+00:00,PHX,13115819,316224,WNBA|olivia miles|pts+rebs+asts|30.0|standard
2026-07-13,WNBA,Olivia Miles,MIN,G,Rebounds,4.5,2026-07-14 01:00:00+00:00,PHX,13115832,316224,WNBA|olivia miles|rebounds|4.5|standard
2026-07-13,WNBA,Olivia Miles,MIN,G,Rebs+Asts,10.5,2026-07-14 01:00:00+00:00,PHX,13119637,316224,WNBA|olivia miles|rebs+asts|10.5|standard
2026-07-13,WNBA,Olivia Miles,MIN,G,Two Pointers Attempted,10.0,2026-07-14 01:00:00+00:00,PHX,13126671,316224,WNBA|olivia miles|two pointers attempted|10.0|standard
2026-07-13,WNBA,Olivia Miles,MIN,G,Two Pointers Made,5.5,2026-07-14 01:00:00+00:00,PHX,13126667,316224,WNBA|olivia miles|two pointers made|5.5|standard
2026-07-13,WNBA,Olivia Miles + Alyssa Thomas,MIN/PHX,G,Points (Combo),32.5,2026-07-14 01:00:00+00:00,PHX/MIN,13124616,317640,WNBA|olivia miles + alyssa thomas|points (combo)|32.5|standard
2026-07-13,WNBA,Olivia Miles + Kahleah Copper,MIN/PHX,G,Points (Combo),38.5,2026-07-14 01:00:00+00:00,PHX/MIN,13124617,328333,WNBA|olivia miles + kahleah copper|points (combo)|38.5|standard
2026-07-13,WNBA,Valeriane Ayayi,PHX,F,Fantasy Score,20.0,2026-07-14 01:00:00+00:00,MIN,13126198,318235,WNBA|valeriane ayayi|fantasy score|20.0|standard
2026-07-13,WNBA,Valeriane Ayayi,PHX,F,Points,10.5,2026-07-14 01:00:00+00:00,MIN,13124480,318235,WNBA|valeriane ayayi|points|10.5|standard
2026-07-13,WNBA,Valeriane Ayayi,PHX,F,Pts+Rebs,14.5,2026-07-14 01:00:00+00:00,MIN,13124501,318235,WNBA|valeriane ayayi|pts+rebs|14.5|standard
2026-07-13,WNBA,Valeriane Ayayi,PHX,F,Pts+Rebs+Asts,17.0,2026-07-14 01:00:00+00:00,MIN,13126189,318235,WNBA|valeriane ayayi|pts+rebs+asts|17.0|standard
2026-07-14,WNBA,Bridget Carleton,PDX,F,Points,13.5,2026-07-14 15:00:00+00:00,CON,13125272,316818,WNBA|bridget carleton|points|13.5|standard
2026-07-14,WNBA,Bridget Carleton,PDX,F,Pts+Asts,15.5,2026-07-14 15:00:00+00:00,CON,13125232,316818,WNBA|bridget carleton|pts+asts|15.5|standard
2026-07-14,WNBA,Bridget Carleton,PDX,F,Pts+Rebs,17.0,2026-07-14 15:00:00+00:00,CON,13125237,316818,WNBA|bridget carleton|pts+rebs|17.0|standard
2026-07-14,WNBA,Bridget Carleton,PDX,F,Pts+Rebs+Asts,19.5,2026-07-14 15:00:00+00:00,CON,13125240,316818,WNBA|bridget carleton|pts+rebs+asts|19.5|standard
2026-07-14,WNBA,Bridget Carleton,PDX,F,Rebounds,3.5,2026-07-14 15:00:00+00:00,CON,13125257,316818,WNBA|bridget carleton|rebounds|3.5|standard
2026-07-14,WNBA,Brittney Griner,CON,C,Points,13.5,2026-07-14 15:00:00+00:00,PDX,13125290,315801,WNBA|brittney griner|points|13.5|standard
2026-07-14,WNBA,Brittney Griner,CON,C,Pts+Rebs,20.0,2026-07-14 15:00:00+00:00,PDX,13125280,315801,WNBA|brittney griner|pts+rebs|20.0|standard
2026-07-14,WNBA,Brittney Griner,CON,C,Rebounds,6.5,2026-07-14 15:00:00+00:00,PDX,13125289,315801,WNBA|brittney griner|rebounds|6.5|standard
2026-07-14,WNBA,Carla Leite,PDX,G,Assists,5.5,2026-07-14 15:00:00+00:00,CON,13125295,315805,WNBA|carla leite|assists|5.5|standard
2026-07-14,WNBA,Carla Leite,PDX,G,Points,14.5,2026-07-14 15:00:00+00:00,CON,13125227,315805,WNBA|carla leite|points|14.5|standard
2026-07-14,WNBA,Carla Leite,PDX,G,Pts+Asts,20.0,2026-07-14 15:00:00+00:00,CON,13125222,315805,WNBA|carla leite|pts+asts|20.0|standard
2026-07-14,WNBA,Carla Leite,PDX,G,Pts+Rebs,17.0,2026-07-14 15:00:00+00:00,CON,13125215,315805,WNBA|carla leite|pts+rebs|17.0|standard
2026-07-14,WNBA,Carla Leite,PDX,G,Pts+Rebs+Asts,22.5,2026-07-14 15:00:00+00:00,CON,13125220,315805,WNBA|carla leite|pts+rebs+asts|22.5|standard
2026-07-14,WNBA,Emily Engstler,PDX,F,Points,8.5,2026-07-14 15:00:00+00:00,CON,13127359,317495,WNBA|emily engstler|points|8.5|standard
2026-07-14,WNBA,Leila Lacan,CON,G,Points,11.5,2026-07-14 15:00:00+00:00,PDX,13125318,253712,WNBA|leila lacan|points|11.5|standard
2026-07-14,WNBA,Leila Lacan,CON,G,Pts+Asts,16.5,2026-07-14 15:00:00+00:00,PDX,13125404,253712,WNBA|leila lacan|pts+asts|16.5|standard
2026-07-14,WNBA,Megan Gustafson,PDX,C,Points,12.5,2026-07-14 15:00:00+00:00,CON,13125275,320497,WNBA|megan gustafson|points|12.5|standard
2026-07-14,WNBA,Megan Gustafson,PDX,C,Pts+Rebs,16.5,2026-07-14 15:00:00+00:00,CON,13125247,320497,WNBA|megan gustafson|pts+rebs|16.5|standard
2026-07-14,WNBA,Olivia Nelson-Ododa,CON,C,Points,10.5,2026-07-14 15:00:00+00:00,PDX,13125388,238706,WNBA|olivia nelson-ododa|points|10.5|standard
2026-07-14,WNBA,Olivia Nelson-Ododa,CON,C,Pts+Rebs,17.5,2026-07-14 15:00:00+00:00,PDX,13125379,238706,WNBA|olivia nelson-ododa|pts+rebs|17.5|standard
2026-07-14,WNBA,Georgia Amoore,WAS,G,Assists,3.5,2026-07-14 23:00:00+00:00,TOR,13127323,317129,WNBA|georgia amoore|assists|3.5|standard
2026-07-14,WNBA,Georgia Amoore,WAS,G,Points,6.5,2026-07-14 23:00:00+00:00,TOR,13124953,317129,WNBA|georgia amoore|points|6.5|standard
2026-07-14,WNBA,Georgia Amoore,WAS,G,Pts+Asts,10.5,2026-07-14 23:00:00+00:00,TOR,13124927,317129,WNBA|georgia amoore|pts+asts|10.5|standard
2026-07-14,WNBA,Georgia Amoore,WAS,G,Pts+Rebs+Asts,12.5,2026-07-14 23:00:00+00:00,TOR,13125165,317129,WNBA|georgia amoore|pts+rebs+asts|12.5|standard
2026-07-14,WNBA,Isabelle Harrison,TOR,F,Points,13.5,2026-07-14 23:00:00+00:00,WAS,13124883,323190,WNBA|isabelle harrison|points|13.5|standard
2026-07-14,WNBA,Isabelle Harrison,TOR,F,Pts+Rebs,19.5,2026-07-14 23:00:00+00:00,WAS,13124875,323190,WNBA|isabelle harrison|pts+rebs|19.5|standard
2026-07-14,WNBA,Julie Allemand,TOR,G,Points,7.5,2026-07-14 23:00:00+00:00,WAS,13125048,316225,WNBA|julie allemand|points|7.5|standard
2026-07-14,WNBA,Julie Allemand,TOR,G,Pts+Asts,14.5,2026-07-14 23:00:00+00:00,WAS,13124952,316225,WNBA|julie allemand|pts+asts|14.5|standard
2026-07-14,WNBA,Julie Allemand,TOR,G,Pts+Rebs,10.5,2026-07-14 23:00:00+00:00,WAS,13124933,316225,WNBA|julie allemand|pts+rebs|10.5|standard
2026-07-14,WNBA,Julie Allemand,TOR,G,Pts+Rebs+Asts,18.0,2026-07-14 23:00:00+00:00,WAS,13126523,316225,WNBA|julie allemand|pts+rebs+asts|18.0|standard
2026-07-14,WNBA,Julie Allemand,TOR,G,Rebs+Asts,10.5,2026-07-14 23:00:00+00:00,WAS,13124958,316225,WNBA|julie allemand|rebs+asts|10.5|standard
2026-07-14,WNBA,Kiki Iriafen,WAS,F,Points,14.5,2026-07-14 23:00:00+00:00,TOR,13124688,238169,WNBA|kiki iriafen|points|14.5|standard
2026-07-14,WNBA,Kiki Iriafen,WAS,F,Pts+Rebs,25.0,2026-07-14 23:00:00+00:00,TOR,13124683,238169,WNBA|kiki iriafen|pts+rebs|25.0|standard
2026-07-14,WNBA,Kiki Iriafen,WAS,F,Pts+Rebs+Asts,27.5,2026-07-14 23:00:00+00:00,TOR,13124685,238169,WNBA|kiki iriafen|pts+rebs+asts|27.5|standard
2026-07-14,WNBA,Kiki Iriafen,WAS,F,Rebounds,10.5,2026-07-14 23:00:00+00:00,TOR,13124746,238169,WNBA|kiki iriafen|rebounds|10.5|standard
2026-07-14,WNBA,Maria Conde,TOR,F,Points,9.5,2026-07-14 23:00:00+00:00,WAS,13124943,319118,WNBA|maria conde|points|9.5|standard
2026-07-14,WNBA,Maria Conde,TOR,F,Pts+Asts,11.5,2026-07-14 23:00:00+00:00,WAS,13124934,319118,WNBA|maria conde|pts+asts|11.5|standard
2026-07-14,WNBA,Maria Conde,TOR,F,Pts+Rebs,14.5,2026-07-14 23:00:00+00:00,WAS,13125208,319118,WNBA|maria conde|pts+rebs|14.5|standard
2026-07-14,WNBA,Maria Conde,TOR,F,Pts+Rebs+Asts,16.5,2026-07-14 23:00:00+00:00,WAS,13124928,319118,WNBA|maria conde|pts+rebs+asts|16.5|standard
2026-07-14,WNBA,Marina Mabrey,TOR,G,Points,22.5,2026-07-14 23:00:00+00:00,WAS,13124828,315802,WNBA|marina mabrey|points|22.5|standard
2026-07-14,WNBA,Marina Mabrey,TOR,G,Pts+Asts,26.5,2026-07-14 23:00:00+00:00,WAS,13124821,315802,WNBA|marina mabrey|pts+asts|26.5|standard
2026-07-14,WNBA,Marina Mabrey,TOR,G,Pts+Rebs,26.0,2026-07-14 23:00:00+00:00,WAS,13124813,315802,WNBA|marina mabrey|pts+rebs|26.0|standard
2026-07-14,WNBA,Marina Mabrey,TOR,G,Pts+Rebs+Asts,30.5,2026-07-14 23:00:00+00:00,WAS,13124819,315802,WNBA|marina mabrey|pts+rebs+asts|30.5|standard
2026-07-14,WNBA,Michaela Onyenwere,WAS,F,Points,8.5,2026-07-14 23:00:00+00:00,TOR,13127238,320347,WNBA|michaela onyenwere|points|8.5|standard
2026-07-14,WNBA,Nyara Sabally,TOR,F,Points,10.5,2026-07-14 23:00:00+00:00,WAS,13124898,317177,WNBA|nyara sabally|points|10.5|standard
2026-07-14,WNBA,Nyara Sabally,TOR,F,Pts+Rebs,15.0,2026-07-14 23:00:00+00:00,WAS,13124906,317177,WNBA|nyara sabally|pts+rebs|15.0|standard
2026-07-14,WNBA,Nyara Sabally,TOR,F,Rebounds,4.5,2026-07-14 23:00:00+00:00,WAS,13124894,317177,WNBA|nyara sabally|rebounds|4.5|standard
2026-07-14,WNBA,Shakira Austin,WAS,C,Points,13.5,2026-07-14 23:00:00+00:00,TOR,13124967,64392,WNBA|shakira austin|points|13.5|standard
2026-07-14,WNBA,Shakira Austin,WAS,C,Pts+Asts,16.5,2026-07-14 23:00:00+00:00,TOR,13124976,64392,WNBA|shakira austin|pts+asts|16.5|standard
2026-07-14,WNBA,Shakira Austin,WAS,C,Pts+Rebs,22.5,2026-07-14 23:00:00+00:00,TOR,13124983,64392,WNBA|shakira austin|pts+rebs|22.5|standard
2026-07-14,WNBA,Shakira Austin,WAS,C,Pts+Rebs+Asts,25.5,2026-07-14 23:00:00+00:00,TOR,13124940,64392,WNBA|shakira austin|pts+rebs+asts|25.5|standard
2026-07-14,WNBA,Shakira Austin,WAS,C,Rebounds,8.5,2026-07-14 23:00:00+00:00,TOR,13124962,64392,WNBA|shakira austin|rebounds|8.5|standard
2026-07-14,WNBA,Shakira Austin,WAS,C,Rebs+Asts,11.5,2026-07-14 23:00:00+00:00,TOR,13124931,64392,WNBA|shakira austin|rebs+asts|11.5|standard
2026-07-14,WNBA,Sonia Citron,WAS,G,Points,17.5,2026-07-14 23:00:00+00:00,TOR,13124672,238241,WNBA|sonia citron|points|17.5|standard
2026-07-14,WNBA,Sonia Citron,WAS,G,Pts+Asts,20.5,2026-07-14 23:00:00+00:00,TOR,13124650,238241,WNBA|sonia citron|pts+asts|20.5|standard
2026-07-14,WNBA,Sonia Citron,WAS,G,Pts+Rebs,21.5,2026-07-14 23:00:00+00:00,TOR,13124655,238241,WNBA|sonia citron|pts+rebs|21.5|standard
2026-07-14,WNBA,Sonia Citron,WAS,G,Pts+Rebs+Asts,24.5,2026-07-14 23:00:00+00:00,TOR,13124657,238241,WNBA|sonia citron|pts+rebs+asts|24.5|standard
2026-07-14,WNBA,Sonia Citron,WAS,G,Rebs+Asts,6.5,2026-07-14 23:00:00+00:00,TOR,13124652,238241,WNBA|sonia citron|rebs+asts|6.5|standard
